aic,bic,MAE,layout,sol_num,num_parm,pval_exceed,pval_percentage,loglik,simple,fixed_fit,rdm_fit,rdm_cor_fit,zi_fit,pvalues
545.8823841594415,638.5683900730148,0.034963742485985404,"[1, 1, 0, 0, 1, 0, 1, 0, 0, 0, 2, 0, 0, 1, 1, 0, 0, 0, 0, 0, 0, 1, 0, 'uniform', 'triangular', 'uniform', 'uniform', 'triangular', 'normal', 'uniform', 'normal', 'normal', 'triangular', 'uniform', 'triangular', 'uniform', 'normal', 'normal', 'normal', 'triangular', 'normal', 'triangular', 'uniform', 'triangular', 'triangular', 'normal', 'no', 'no', 'no', 'no', 'no', 'no', 'log', 'no', 'sqrt', 'log', 'sqrt', 'no', 'no', 'arcsinh', 'no', 'no', 'log', 'no', 'no', 'no', 'no', 'no', 'no', 0]",3371,9,3,0.3333333333333333,-263.94119207972074,f_rp_p,"['const', 'M_Curve', 'AADT', 'Nlanes']",['MCV'],,,"[3.13963948e-02 2.93013461e-01 2.66652144e-02 3.76643682e-02
 2.29818054e-02 2.53549410e-01 3.19406779e-01 1.31733484e-04
 7.09201658e-03]"
545.0247518941094,795.6952088227641,0.031205257666142086,"[1, 3, 0, 0, 2, 2, 1, 1, 0, 0, 2, 0, 0, 2, 0, 1, 1, 2, 0, 0, 0, 2, 0, 'normal', 'uniform', 'uniform', 'uniform', 'triangular', 'triangular', 'normal', 'uniform', 'normal', 'uniform', 'uniform', 'triangular', 'uniform', 'uniform', 'uniform', 'normal', 'uniform', 'triangular', 'triangular', 'uniform', 'triangular', 'normal', 'normal', 'no', 'no', 'no', 'no', 'no', 'no', 'arcsinh', 'no', 'arcsinh', 'arcsinh', 'sqrt', 'no', 'no', 'no', 'no', 'no', 'no', 'no', 'no', 'no', 'no', 'no', 'no', 0]",6106,19,10,0.5263157894736842,-253.51237594705466,f_rp_p,"['const', 'AADT', 'L50', 'S_Curve', 'Length']",['Nlanes'],[],,"[1.27821473e-04 8.26064526e-03 5.20357987e-01 7.46172807e-01
 3.62512638e-01 5.39806537e-01 2.21438123e-01 2.06225575e-02
 6.30790430e-02 3.56245198e-02 7.08124666e-01 9.26240531e-01
 9.34090198e-01 9.99964912e-01 9.99879175e-01 4.07719577e-01
 9.33384990e-01 9.93542469e-01 9.99749535e-01]"
530.3769452797703,770.4505120054088,0.031425821710390836,"[1, 1, 0, 0, 2, 2, 1, 1, 0, 0, 2, 0, 0, 2, 0, 0, 0, 2, 2, 0, 0, 1, 0, 'uniform', 'triangular', 'uniform', 'triangular', 'triangular', 'uniform', 'triangular', 'uniform', 'triangular', 'uniform', 'uniform', 'triangular', 'normal', 'uniform', 'uniform', 'normal', 'triangular', 'triangular', 'uniform', 'uniform', 'triangular', 'uniform', 'triangular', 'no', 'no', 'no', 'no', 'no', 'no', 'log', 'no', 'log', 'arcsinh', 'arcsinh', 'no', 'no', 'sqrt', 'no', 'no', 'no', 'no', 'no', 'no', 'no', 'no', 'no', 0]",6580,17,10,0.5882352941176471,-248.18847263988513,f_rp_p,"['const', 'RD', 'AADT', 'L50', 'RSMS']",['MCV'],,,"[4.73932406e-03 8.86156990e-01 2.40427719e-01 6.87495520e-01
 2.86820070e-01 6.45382714e-01 2.53944931e-01 5.15623314e-04
 2.88796684e-02 6.62961462e-02 6.34645470e-01 9.99821789e-01
 9.99557300e-01 5.05379222e-01 9.94427292e-01 9.95205648e-01
 9.99907303e-01]"
516.6763433587028,716.153019881325,0.03158601373194346,"[1, 0, 1, 0, 0, 0, 1, 1, 0, 0, 2, 0, 0, 2, 0, 0, 0, 2, 0, 2, 0, 3, 1, 'uniform', 'triangular', 'uniform', 'normal', 'triangular', 'normal', 'triangular', 'normal', 'triangular', 'triangular', 'uniform', 'normal', 'triangular', 'normal', 'normal', 'triangular', 'uniform', 'triangular', 'normal', 'uniform', 'uniform', 'triangular', 'triangular', 'no', 'no', 'no', 'no', 'no', 'no', 'log', 'no', 'no', 'log', 'arcsinh', 'no', 'no', 'sqrt', 'no', 'no', 'arcsinh', 'no', 'no', 'no', 'no', 'no', 'no', 0]",5078,15,8,0.5333333333333333,-243.33817167935138,f_rp_p,"['const', 'Median', 'AADT', 'L50', 'Roll_Ter']",['Nlanes'],[],,"[6.48323754e-03 9.39648628e-01 4.00103195e-01 2.18957013e-01
 2.41198420e-03 1.98708103e-04 5.54638448e-03 2.72882462e-01
 9.78846125e-01 7.41997874e-01 9.99926715e-01 7.67164241e-01
 9.92402102e-01 9.95572221e-01 9.96884375e-01]"
506.30518562866075,639.5880817452504,0.032206486198132954,"[0, 0, 0, 0, 0, 1, 1, 0, 0, 1, 2, 0, 1, 2, 0, 0, 1, 0, 0, 0, 0, 2, 0, 'uniform', 'uniform', 'triangular', 'normal', 'triangular', 'triangular', 'uniform', 'triangular', 'triangular', 'normal', 'uniform', 'normal', 'uniform', 'normal', 'uniform', 'normal', 'uniform', 'triangular', 'triangular', 'normal', 'triangular', 'normal', 'uniform', 'no', 'no', 'no', 'no', 'no', 'no', 'log', 'no', 'log', 'no', 'log', 'no', 'no', 'arcsinh', 'no', 'no', 'log', 'no', 'no', 'no', 'no', 'no', 'no', 0]",5692,11,5,0.45454545454545453,-242.15259281433038,f_rp_p,"['ATLM', 'AADT', 'Lwidth', 'LW_US', 'Length']",['MCV'],,,"[7.94280198e-01 1.44064035e-02 5.98533619e-08 2.65104691e-01
 2.51604576e-03 3.90017453e-04 5.37140128e-06 8.44785083e-01
 9.26599571e-01 9.96550873e-01 9.97699779e-01]"
543.8165284120948,814.7854304422577,0.031187134398276195,"[1, 1, 1, 0, 1, 2, 3, 2, 0, 0, 2, 0, 0, 2, 0, 1, 0, 2, 0, 2, 0, 0, 1, 'uniform', 'normal', 'triangular', 'triangular', 'triangular', 'normal', 'uniform', 'uniform', 'normal', 'uniform', 'triangular', 'triangular', 'uniform', 'normal', 'uniform', 'normal', 'triangular', 'triangular', 'triangular', 'normal', 'triangular', 'triangular', 'uniform', 'no', 'no', 'no', 'no', 'no', 'no', 'log', 'no', 'log', 'arcsinh', 'sqrt', 'no', 'arcsinh', 'arcsinh', 'no', 'no', 'log', 'no', 'no', 'no', 'no', 'no', 'no', 0]",4118,20,11,0.55,-251.9082642060474,f_rp_p,"['const', 'RD', 'Median', 'M_Curve', 'S_Curve', 'Roll_Ter']",['Nlanes'],[],,"[0.03518138 0.5172138  0.52352316 0.60641112 0.9652338  0.01263591
 0.53439592 0.14323601 0.01004516 0.03556793 0.17765104 0.83384905
 0.09630829 0.91292617 0.99950044 0.99965082 0.7984593  0.90420515
 0.99991573 0.99767496]"
613.0828088182072,628.9781441227317,33453.68820072741,"[0, 0, 0, 0, 0, 0, 0, 0, 1, 0, 2, 0, 0, 0, 0, 0, 0, 0, 0, 0, 0, 0, 0, 'uniform', 'triangular', 'normal', 'uniform', 'triangular', 'triangular', 'normal', 'normal', 'uniform', 'uniform', 'uniform', 'triangular', 'uniform', 'normal', 'normal', 'normal', 'uniform', 'normal', 'triangular', 'normal', 'triangular', 'triangular', 'normal', 'no', 'no', 'no', 'no', 'no', 'no', 'log', 'no', 'arcsinh', 'arcsinh', 'no', 'no', 'no', 'log', 'no', 'no', 'arcsinh', 'no', 'no', 'no', 'no', 'no', 'no', 0]",3053,3,0,0.0,-303.5414044091036,f_rp_p,['SP'],['MCV'],,,[3.16890617e-97 9.25953106e-03 2.34990271e-04]
554.4702760529746,906.63295848917,0.031109037073932352,"[1, 1, 0, 0, 3, 0, 2, 1, 0, 3, 2, 3, 2, 1, 0, 1, 0, 0, 2, 0, 0, 2, 0, 'normal', 'uniform', 'triangular', 'uniform', 'triangular', 'triangular', 'uniform', 'normal', 'normal', 'triangular', 'uniform', 'normal', 'uniform', 'normal', 'uniform', 'normal', 'uniform', 'normal', 'uniform', 'uniform', 'uniform', 'triangular', 'normal', 'no', 'no', 'no', 'no', 'no', 'no', 'log', 'no', 'no', 'log', 'sqrt', 'no', 'no', 'arcsinh', 'no', 'no', 'log', 'no', 'no', 'no', 'no', 'no', 'no', 0]",6193,24,15,0.625,-253.23513802648728,f_rp_c_p,"['const', 'RD', 'L50', 'Nlanes', 'S_Curve']",['MCV'],['Lwidth'],,"[0.65332693 0.358047   0.406041   0.01070199 0.89817707 0.03033067
 0.0131886  0.18193246 0.79156786 0.77676899 0.22264564 0.46957613
 0.99781853 0.91253929 0.88457443 0.48270392 0.92186943 0.49189881
 0.99992848 0.9856137  0.30062327 0.82195467 0.99679268 0.90790631]"
