aic,bic,MAE,layout,sol_num,num_parm,pval_exceed,pval_percentage,loglik,simple,fixed_fit,rdm_fit,rdm_cor_fit,zi_fit,pvalues
506.30518562866075,639.5880817452504,0.032206486198132954,"[0, 0, 0, 0, 0, 1, 1, 0, 0, 1, 2, 0, 1, 2, 0, 0, 1, 0, 0, 0, 0, 2, 0, 'uniform', 'uniform', 'triangular', 'normal', 'triangular', 'triangular', 'uniform', 'triangular', 'triangular', 'normal', 'uniform', 'normal', 'uniform', 'normal', 'uniform', 'normal', 'uniform', 'triangular', 'triangular', 'normal', 'triangular', 'normal', 'uniform', 'no', 'no', 'no', 'no', 'no', 'no', 'log', 'no', 'log', 'no', 'log', 'no', 'no', 'arcsinh', 'no', 'no', 'log', 'no', 'no', 'no', 'no', 'no', 'no', 0]",5692,11,5,0.45454545454545453,-242.15259281433038,f_rp_p,"['ATLM', 'AADT', 'Lwidth', 'LW_US', 'Length']",['MCV'],,,"[7.94280198e-01 1.44064035e-02 5.98533619e-08 2.65104691e-01
 2.51604576e-03 3.90017453e-04 5.37140128e-06 8.44785083e-01
 9.26599571e-01 9.96550873e-01 9.97699779e-01]"
527.0930933089525,706.2713247300665,0.031151071677000954,"[1, 2, 0, 0, 0, 0, 1, 1, 0, 0, 2, 0, 0, 2, 0, 1, 1, 1, 0, 0, 0, 0, 3, 'uniform', 'uniform', 'normal', 'triangular', 'triangular', 'uniform', 'uniform', 'uniform', 'triangular', 'triangular', 'triangular', 'triangular', 'normal', 'uniform', 'uniform', 'triangular', 'uniform', 'normal', 'triangular', 'normal', 'normal', 'triangular', 'normal', 'no', 'no', 'no', 'no', 'no', 'no', 'log', 'no', 'arcsinh', 'arcsinh', 'sqrt', 'no', 'no', 'no', 'no', 'no', 'no', 'no', 'no', 'no', 'no', 'no', 'no', 0]",7116,14,7,0.5,-249.54654665447623,f_rp_p,"['const', 'AADT', 'L50', 'Length', 'MCrv_RS']",['Nlanes'],[],,"[1.25797930e-04 3.34455331e-02 5.70119175e-02 9.27697790e-01
 6.45391876e-01 1.61006634e-01 9.06818508e-01 4.07296518e-05
 1.63544583e-02 3.30606586e-03 9.98392921e-01 9.47474922e-01
 1.13857110e-01 9.99735626e-01]"
545.8823841594415,638.5683900730148,0.034963742485985404,"[1, 1, 0, 0, 1, 0, 1, 0, 0, 0, 2, 0, 0, 1, 1, 0, 0, 0, 0, 0, 0, 1, 0, 'uniform', 'triangular', 'uniform', 'uniform', 'triangular', 'normal', 'uniform', 'normal', 'normal', 'triangular', 'uniform', 'triangular', 'uniform', 'normal', 'normal', 'normal', 'triangular', 'normal', 'triangular', 'uniform', 'triangular', 'triangular', 'normal', 'no', 'no', 'no', 'no', 'no', 'no', 'log', 'no', 'sqrt', 'log', 'sqrt', 'no', 'no', 'arcsinh', 'no', 'no', 'log', 'no', 'no', 'no', 'no', 'no', 'no', 0]",3371,9,3,0.3333333333333333,-263.94119207972074,f_rp_p,"['const', 'M_Curve', 'AADT', 'Nlanes']",['MCV'],,,"[3.13963948e-02 2.93013461e-01 2.66652144e-02 3.76643682e-02
 2.29818054e-02 2.53549410e-01 3.19406779e-01 1.31733484e-04
 7.09201658e-03]"
613.0828088182072,628.9781441227317,33453.68820072741,"[0, 0, 0, 0, 0, 0, 0, 0, 1, 0, 2, 0, 0, 0, 0, 0, 0, 0, 0, 0, 0, 0, 0, 'uniform', 'triangular', 'normal', 'uniform', 'triangular', 'triangular', 'normal', 'normal', 'uniform', 'uniform', 'uniform', 'triangular', 'uniform', 'normal', 'normal', 'normal', 'uniform', 'normal', 'triangular', 'normal', 'triangular', 'triangular', 'normal', 'no', 'no', 'no', 'no', 'no', 'no', 'log', 'no', 'arcsinh', 'arcsinh', 'no', 'no', 'no', 'log', 'no', 'no', 'arcsinh', 'no', 'no', 'no', 'no', 'no', 'no', 0]",3053,3,0,0.0,-303.5414044091036,f_rp_p,['SP'],['MCV'],,,[3.16890617e-97 9.25953106e-03 2.34990271e-04]
554.4702760529746,906.63295848917,0.031109037073932352,"[1, 1, 0, 0, 3, 0, 2, 1, 0, 3, 2, 3, 2, 1, 0, 1, 0, 0, 2, 0, 0, 2, 0, 'normal', 'uniform', 'triangular', 'uniform', 'triangular', 'triangular', 'uniform', 'normal', 'normal', 'triangular', 'uniform', 'normal', 'uniform', 'normal', 'uniform', 'normal', 'uniform', 'normal', 'uniform', 'uniform', 'uniform', 'triangular', 'normal', 'no', 'no', 'no', 'no', 'no', 'no', 'log', 'no', 'no', 'log', 'sqrt', 'no', 'no', 'arcsinh', 'no', 'no', 'log', 'no', 'no', 'no', 'no', 'no', 'no', 0]",6193,24,15,0.625,-253.23513802648728,f_rp_c_p,"['const', 'RD', 'L50', 'Nlanes', 'S_Curve']",['MCV'],['Lwidth'],,"[0.65332693 0.358047   0.406041   0.01070199 0.89817707 0.03033067
 0.0131886  0.18193246 0.79156786 0.77676899 0.22264564 0.46957613
 0.99781853 0.91253929 0.88457443 0.48270392 0.92186943 0.49189881
 0.99992848 0.9856137  0.30062327 0.82195467 0.99679268 0.90790631]"
