aic,bic,MAE,layout,sol_num,num_parm,pval_exceed,pval_percentage,loglik,simple,fixed_fit,rdm_fit,rdm_cor_fit,zi_fit,pvalues
520.0877872916653,627.7737932052387,0.03338679231273334,"[1, 1, 0, 0, 0, 0, 0, 0, 0, 0, 2, 0, 0, 2, 0, 0, 0, 1, 0, 0, 0, 2, 0, 'uniform', 'uniform', 'uniform', 'uniform', 'uniform', 'normal', 'uniform', 'normal', 'triangular', 'normal', 'uniform', 'triangular', 'normal', 'normal', 'normal', 'normal', 'triangular', 'uniform', 'uniform', 'normal', 'triangular', 'triangular', 'uniform', 'no', 'no', 'no', 'no', 'no', 'no', 'log', 'no', 'arcsinh', 'arcsinh', 'log', 'no', 'no', 'sqrt', 'no', 'no', 'log', 'no', 'no', 'no', 'no', 'no', 'no', 0]",8800,9,4,0.4444444444444444,-251.04389364583267,f_rp_p,"['const', 'RD', 'MCrv_RS']",['MCV'],,,"[2.04940836e-02 8.81594658e-01 5.23032934e-03 7.63644437e-14
 4.07947806e-02 8.52338287e-01 2.21893684e-01 9.98504116e-01
 9.99908034e-01]"
508.280438892523,630.9664448060963,0.03291796110637838,"[1, 0, 0, 0, 0, 0, 1, 0, 0, 0, 2, 0, 0, 2, 0, 0, 0, 1, 1, 0, 0, 0, 1, 'uniform', 'uniform', 'normal', 'normal', 'triangular', 'triangular', 'uniform', 'uniform', 'triangular', 'normal', 'uniform', 'triangular', 'normal', 'normal', 'uniform', 'normal', 'triangular', 'uniform', 'uniform', 'normal', 'triangular', 'triangular', 'uniform', 'no', 'no', 'no', 'no', 'no', 'no', 'log', 'no', 'arcsinh', 'arcsinh', 'arcsinh', 'no', 'no', 'arcsinh', 'no', 'no', 'log', 'no', 'no', 'no', 'no', 'no', 'no', 0]",9651,9,5,0.5555555555555556,-245.1402194462615,f_rp_p,"['const', 'AADT', 'MCrv_RS', 'C50RT', 'Roll_Ter']",['MCV'],,,"[2.25468897e-04 4.86586882e-01 1.31301090e-01 2.31133459e-01
 2.81053971e-03 5.75845516e-05 7.75636728e-03 6.85392417e-01
 9.77343588e-01]"
508.10974473532593,610.4973055473911,0.03649038429383039,"[1, 0, 1, 0, 0, 0, 0, 0, 0, 0, 2, 0, 0, 2, 0, 0, 1, 0, 0, 0, 0, 1, 0, 'uniform', 'uniform', 'normal', 'uniform', 'triangular', 'triangular', 'uniform', 'normal', 'normal', 'uniform', 'uniform', 'normal', 'normal', 'normal', 'normal', 'triangular', 'triangular', 'normal', 'uniform', 'uniform', 'uniform', 'triangular', 'uniform', 'no', 'no', 'no', 'no', 'no', 'no', 'log', 'no', 'sqrt', 'log', 'arcsinh', 'no', 'arcsinh', 'log', 'no', 'no', 'log', 'no', 'no', 'no', 'no', 'no', 'no', 0]",7308,8,4,0.5,-246.05487236766297,f_rp_p,"['const', 'Median', 'Length', 'RSMS']",['MCV'],,,"[5.68955881e-28 6.88082608e-01 1.86241891e-04 5.88580279e-01
 1.83151218e-21 2.46905781e-03 6.24342487e-01 9.99727283e-01]"
506.30518562866075,639.5880817452504,0.032206486198132954,"[0, 0, 0, 0, 0, 1, 1, 0, 0, 1, 2, 0, 1, 2, 0, 0, 1, 0, 0, 0, 0, 2, 0, 'uniform', 'uniform', 'triangular', 'normal', 'triangular', 'triangular', 'uniform', 'triangular', 'triangular', 'normal', 'uniform', 'normal', 'uniform', 'normal', 'uniform', 'normal', 'uniform', 'triangular', 'triangular', 'normal', 'triangular', 'normal', 'uniform', 'no', 'no', 'no', 'no', 'no', 'no', 'log', 'no', 'log', 'no', 'log', 'no', 'no', 'arcsinh', 'no', 'no', 'log', 'no', 'no', 'no', 'no', 'no', 'no', 0]",5692,11,5,0.45454545454545453,-242.15259281433038,f_rp_p,"['ATLM', 'AADT', 'Lwidth', 'LW_US', 'Length']",['MCV'],,,"[7.94280198e-01 1.44064035e-02 5.98533619e-08 2.65104691e-01
 2.51604576e-03 3.90017453e-04 5.37140128e-06 8.44785083e-01
 9.26599571e-01 9.96550873e-01 9.97699779e-01]"
527.0930933089525,706.2713247300665,0.031151071677000954,"[1, 2, 0, 0, 0, 0, 1, 1, 0, 0, 2, 0, 0, 2, 0, 1, 1, 1, 0, 0, 0, 0, 3, 'uniform', 'uniform', 'normal', 'triangular', 'triangular', 'uniform', 'uniform', 'uniform', 'triangular', 'triangular', 'triangular', 'triangular', 'normal', 'uniform', 'uniform', 'triangular', 'uniform', 'normal', 'triangular', 'normal', 'normal', 'triangular', 'normal', 'no', 'no', 'no', 'no', 'no', 'no', 'log', 'no', 'arcsinh', 'arcsinh', 'sqrt', 'no', 'no', 'no', 'no', 'no', 'no', 'no', 'no', 'no', 'no', 'no', 'no', 0]",7116,14,7,0.5,-249.54654665447623,f_rp_p,"['const', 'AADT', 'L50', 'Length', 'MCrv_RS']",['Nlanes'],[],,"[1.25797930e-04 3.34455331e-02 5.70119175e-02 9.27697790e-01
 6.45391876e-01 1.61006634e-01 9.06818508e-01 4.07296518e-05
 1.63544583e-02 3.30606586e-03 9.98392921e-01 9.47474922e-01
 1.13857110e-01 9.99735626e-01]"
572.3185886863632,598.810814193904,982.9086379499178,"[1, 0, 0, 0, 0, 0, 1, 0, 1, 0, 2, 0, 0, 0, 0, 0, 0, 0, 0, 0, 0, 0, 0, 'normal', 'triangular', 'normal', 'uniform', 'triangular', 'normal', 'normal', 'uniform', 'normal', 'triangular', 'uniform', 'triangular', 'normal', 'uniform', 'uniform', 'normal', 'triangular', 'normal', 'triangular', 'triangular', 'triangular', 'triangular', 'triangular', 'no', 'no', 'no', 'no', 'no', 'no', 'log', 'no', 'log', 'log', 'no', 'no', 'arcsinh', 'log', 'no', 'no', 'log', 'no', 'no', 'no', 'no', 'no', 'no', 0]",7970,5,0,0.0,-281.1592943431816,f_rp_p,"['const', 'AADT', 'SP']",['MCV'],,,"[3.74418988e-08 2.42565018e-03 6.76988905e-06 3.88914638e-01
 3.78157449e-04]"
529.9777128531146,795.6481697817694,0.030866166206368933,"[1, 1, 0, 0, 0, 0, 1, 1, 0, 1, 2, 0, 2, 2, 0, 0, 0, 2, 2, 0, 0, 2, 3, 'uniform', 'triangular', 'normal', 'uniform', 'uniform', 'triangular', 'triangular', 'normal', 'uniform', 'uniform', 'uniform', 'triangular', 'normal', 'normal', 'normal', 'normal', 'triangular', 'normal', 'triangular', 'uniform', 'triangular', 'normal', 'triangular', 'no', 'no', 'no', 'no', 'no', 'no', 'arcsinh', 'no', 'log', 'arcsinh', 'sqrt', 'no', 'no', 'no', 'no', 'no', 'no', 'no', 'no', 'no', 'no', 'no', 'no', 0]",7979,19,11,0.5789473684210527,-245.98885642655728,f_rp_p,"['const', 'RD', 'AADT', 'L50', 'Lwidth']",['Nlanes'],['Roll_Ter'],,"[0.54368009 0.83592734 0.01765519 0.13790718 0.61679587 0.01340512
 0.50943544 0.03502234 0.36554586 0.81859445 0.82195458 0.01918696
 0.99619511 0.60011954 0.77005461 0.94700557 0.99939319 0.99983479
 0.99932002]"
