aic,bic,MAE,layout,sol_num,num_parm,pval_exceed,pval_percentage,loglik,simple,fixed_fit,rdm_fit,rdm_cor_fit,zi_fit,pvalues
519.3196152149003,718.7962917375226,0.03272541359790877,"[1, 0, 0, 0, 0, 2, 1, 1, 3, 0, 2, 0, 0, 2, 0, 1, 0, 2, 0, 0, 1, 0, 0, 'normal', 'triangular', 'triangular', 'uniform', 'triangular', 'normal', 'uniform', 'normal', 'normal', 'triangular', 'uniform', 'normal', 'uniform', 'normal', 'normal', 'triangular', 'uniform', 'normal', 'normal', 'normal', 'uniform', 'triangular', 'uniform', 'no', 'no', 'no', 'no', 'no', 'no', 'log', 'no', 'no', 'log', 'arcsinh', 'no', 'no', 'log', 'no', 'no', 'log', 'no', 'no', 'no', 'no', 'no', 'no', 0]",4594,15,8,0.5333333333333333,-244.65980760745015,f_rp_p,"['const', 'AADT', 'L50', 'S_Curve', 'M']",['Nlanes'],[],,"[5.57870474e-11 9.51374691e-02 5.23329392e-01 8.27446574e-01
 2.97763252e-01 4.78475344e-01 5.80503191e-03 9.17709711e-02
 1.31714213e-01 4.80409308e-02 9.85973722e-01 9.97914576e-01
 8.58877703e-01 9.72537123e-01 9.97063761e-01]"
520.998095078722,720.4747716013442,0.03257209325676122,"[1, 0, 0, 0, 0, 2, 2, 1, 3, 1, 2, 0, 0, 2, 0, 0, 0, 2, 0, 0, 0, 0, 0, 'normal', 'triangular', 'uniform', 'normal', 'normal', 'uniform', 'uniform', 'normal', 'normal', 'uniform', 'triangular', 'normal', 'uniform', 'normal', 'normal', 'normal', 'uniform', 'normal', 'uniform', 'normal', 'triangular', 'triangular', 'uniform', 'no', 'no', 'no', 'no', 'no', 'no', 'log', 'no', 'no', 'arcsinh', 'arcsinh', 'no', 'no', 'arcsinh', 'no', 'no', 'arcsinh', 'no', 'no', 'no', 'no', 'no', 'no', 0]",4207,15,8,0.5333333333333333,-245.49904753936102,f_rp_p,"['const', 'L50', 'Lwidth']",[],[],,"[0.09229578 0.45973574 0.68839088 0.43104865 0.22897627 0.00188114
 0.00576922 0.08363326 0.07999756 0.98469223 0.99973664 0.9937924
 0.81341854 0.9970368  0.99859595]"
546.9008988860081,700.4822401041059,0.03381570813137236,"[1, 0, 0, 0, 0, 1, 2, 0, 1, 0, 2, 0, 0, 1, 0, 1, 1, 0, 0, 0, 0, 2, 0, 'uniform', 'uniform', 'normal', 'triangular', 'triangular', 'uniform', 'uniform', 'uniform', 'triangular', 'uniform', 'uniform', 'normal', 'uniform', 'normal', 'normal', 'normal', 'normal', 'normal', 'uniform', 'normal', 'triangular', 'normal', 'uniform', 'no', 'no', 'no', 'no', 'no', 'no', 'arcsinh', 'no', 'log', 'sqrt', 'arcsinh', 'no', 'arcsinh', 'arcsinh', 'no', 'no', 'log', 'no', 'no', 'no', 'no', 'no', 'no', 0]",4499,12,6,0.5,-261.45044944300406,f_rp_p,"['const', 'SP', 'Nlanes', 'S_Curve', 'Length']",['AADT'],,,"[6.60056590e-02 9.88201190e-01 3.47568278e-01 1.89233428e-01
 8.71795825e-01 5.81523553e-02 7.74287902e-01 1.67175651e-02
 9.07151327e-01 8.42363746e-04 9.86070078e-01 9.95779897e-01]"
530.8965240402408,735.6716456643712,0.03177433029532838,"[1, 0, 2, 0, 0, 1, 2, 3, 0, 0, 2, 0, 0, 2, 0, 2, 0, 2, 0, 0, 0, 0, 0, 'uniform', 'triangular', 'normal', 'uniform', 'uniform', 'normal', 'uniform', 'normal', 'triangular', 'triangular', 'uniform', 'normal', 'uniform', 'normal', 'uniform', 'normal', 'uniform', 'triangular', 'triangular', 'normal', 'triangular', 'triangular', 'uniform', 'no', 'no', 'no', 'no', 'no', 'no', 'log', 'no', 'log', 'arcsinh', 'arcsinh', 'no', 'no', 'no', 'no', 'no', 'arcsinh', 'no', 'no', 'no', 'no', 'no', 'no', 0]",4527,16,8,0.5,-249.4482620201204,f_rp_p,"['const', 'ATLM']","['MCV', 'S_Curve']",[],,"[5.50625666e-08 1.73592452e-01 8.20587586e-01 6.59749754e-01
 2.96474947e-02 3.47377682e-02 8.56907809e-01 2.90082806e-02
 6.08580720e-01 9.39367549e-01 9.94661550e-01 9.16966050e-01
 8.37148445e-01 9.59713487e-01 8.81725101e-01 9.95695691e-01]"
545.8823841594415,638.5683900730148,0.034963742485985404,"[1, 1, 0, 0, 1, 0, 1, 0, 0, 0, 2, 0, 0, 1, 1, 0, 0, 0, 0, 0, 0, 1, 0, 'uniform', 'triangular', 'uniform', 'uniform', 'triangular', 'normal', 'uniform', 'normal', 'normal', 'triangular', 'uniform', 'triangular', 'uniform', 'normal', 'normal', 'normal', 'triangular', 'normal', 'triangular', 'uniform', 'triangular', 'triangular', 'normal', 'no', 'no', 'no', 'no', 'no', 'no', 'log', 'no', 'sqrt', 'log', 'sqrt', 'no', 'no', 'arcsinh', 'no', 'no', 'log', 'no', 'no', 'no', 'no', 'no', 'no', 0]",3371,9,3,0.3333333333333333,-263.94119207972074,f_rp_p,"['const', 'M_Curve', 'AADT', 'Nlanes']",['MCV'],,,"[3.13963948e-02 2.93013461e-01 2.66652144e-02 3.76643682e-02
 2.29818054e-02 2.53549410e-01 3.19406779e-01 1.31733484e-04
 7.09201658e-03]"
613.0828088182072,628.9781441227317,33453.68820072741,"[0, 0, 0, 0, 0, 0, 0, 0, 1, 0, 2, 0, 0, 0, 0, 0, 0, 0, 0, 0, 0, 0, 0, 'uniform', 'triangular', 'normal', 'uniform', 'triangular', 'triangular', 'normal', 'normal', 'uniform', 'uniform', 'uniform', 'triangular', 'uniform', 'normal', 'normal', 'normal', 'uniform', 'normal', 'triangular', 'normal', 'triangular', 'triangular', 'normal', 'no', 'no', 'no', 'no', 'no', 'no', 'log', 'no', 'arcsinh', 'arcsinh', 'no', 'no', 'no', 'log', 'no', 'no', 'arcsinh', 'no', 'no', 'no', 'no', 'no', 'no', 0]",3053,3,0,0.0,-303.5414044091036,f_rp_p,['SP'],['MCV'],,,[3.16890617e-97 9.25953106e-03 2.34990271e-04]
543.8165284120948,814.7854304422577,0.031187134398276195,"[1, 1, 1, 0, 1, 2, 3, 2, 0, 0, 2, 0, 0, 2, 0, 1, 0, 2, 0, 2, 0, 0, 1, 'uniform', 'normal', 'triangular', 'triangular', 'triangular', 'normal', 'uniform', 'uniform', 'normal', 'uniform', 'triangular', 'triangular', 'uniform', 'normal', 'uniform', 'normal', 'triangular', 'triangular', 'triangular', 'normal', 'triangular', 'triangular', 'uniform', 'no', 'no', 'no', 'no', 'no', 'no', 'log', 'no', 'log', 'arcsinh', 'sqrt', 'no', 'arcsinh', 'arcsinh', 'no', 'no', 'log', 'no', 'no', 'no', 'no', 'no', 'no', 0]",4118,20,11,0.55,-251.9082642060474,f_rp_p,"['const', 'RD', 'Median', 'M_Curve', 'S_Curve', 'Roll_Ter']",['Nlanes'],[],,"[0.03518138 0.5172138  0.52352316 0.60641112 0.9652338  0.01263591
 0.53439592 0.14323601 0.01004516 0.03556793 0.17765104 0.83384905
 0.09630829 0.91292617 0.99950044 0.99965082 0.7984593  0.90420515
 0.99991573 0.99767496]"
