aic,bic,MAE,layout,sol_num,num_parm,pval_exceed,pval_percentage,loglik,simple,fixed_fit,rdm_fit,rdm_cor_fit,zi_fit,pvalues
544.4192113756748,606.2098819847237,0.037739646056708334,"[1, 1, 0, 0, 0, 0, 0, 0, 0, 0, 2, 0, 0, 1, 0, 0, 0, 1, 0, 0, 0, 0, 0, 'uniform', 'uniform', 'uniform', 'uniform', 'uniform', 'normal', 'triangular', 'normal', 'normal', 'uniform', 'uniform', 'uniform', 'normal', 'normal', 'normal', 'normal', 'triangular', 'uniform', 'uniform', 'uniform', 'uniform', 'triangular', 'uniform', 'no', 'no', 'no', 'no', 'no', 'no', 'log', 'no', 'log', 'arcsinh', 'sqrt', 'no', 'no', 'sqrt', 'no', 'no', 'no', 'no', 'no', 'no', 'no', 'no', 'no', 0]",11479,6,2,0.3333333333333333,-266.2096056878374,f_rp_p,"['Nlanes', 'MCrv_RS']",['MCV'],,,"[1.54069667e-01 2.58340922e-01 5.41516895e-02 4.38737455e-03
 3.33416875e-13 8.40305332e-03]"
518.8548817558797,621.2424425679449,0.03302142126338075,"[1, 1, 0, 0, 0, 0, 0, 0, 0, 0, 2, 0, 0, 1, 0, 0, 0, 1, 1, 0, 1, 0, 0, 'uniform', 'uniform', 'normal', 'uniform', 'normal', 'uniform', 'normal', 'uniform', 'normal', 'normal', 'uniform', 'uniform', 'uniform', 'triangular', 'uniform', 'uniform', 'triangular', 'triangular', 'triangular', 'triangular', 'uniform', 'triangular', 'uniform', 'no', 'no', 'no', 'no', 'no', 'no', 'log', 'no', 'arcsinh', 'arcsinh', 'log', 'no', 'no', 'sqrt', 'no', 'no', 'log', 'no', 'no', 'no', 'no', 'no', 'no', 0]",12832,8,4,0.5,-251.42744087793986,f_rp_p,"['const', 'Nlanes', 'MCrv_RS']",['MCV'],,,"[4.20546873e-02 7.97878184e-01 1.44637634e-01 7.84991966e-03
 4.50167479e-01 5.33432938e-01 5.22264050e-16 6.46403849e-02]"
521.1919878142533,608.5795486263185,0.03311677690608243,"[1, 0, 0, 0, 0, 0, 0, 0, 0, 1, 2, 0, 0, 1, 0, 0, 0, 1, 0, 0, 0, 2, 0, 'uniform', 'uniform', 'uniform', 'uniform', 'normal', 'normal', 'triangular', 'normal', 'triangular', 'normal', 'normal', 'uniform', 'normal', 'normal', 'normal', 'normal', 'triangular', 'uniform', 'uniform', 'uniform', 'uniform', 'triangular', 'uniform', 'no', 'no', 'no', 'no', 'no', 'no', 'log', 'no', 'log', 'arcsinh', 'arcsinh', 'no', 'no', 'sqrt', 'no', 'no', 'log', 'no', 'no', 'no', 'no', 'no', 'no', 0]",12606,8,3,0.375,-252.59599390712663,f_rp_p,"['Lwidth', 'Nlanes', 'MCrv_RS']",['MCV'],,,"[5.98020960e-01 3.31220270e-01 9.08075301e-03 9.89088263e-03
 9.35438438e-17 6.81979021e-01 8.75455992e-03 9.72608421e-01]"
533.1434146537623,625.8294205673357,0.030865271948792874,"[1, 1, 0, 0, 0, 0, 2, 1, 0, 0, 2, 0, 0, 1, 0, 0, 0, 1, 0, 0, 0, 0, 0, 'uniform', 'uniform', 'normal', 'uniform', 'triangular', 'normal', 'uniform', 'uniform', 'triangular', 'normal', 'uniform', 'uniform', 'normal', 'normal', 'normal', 'normal', 'triangular', 'uniform', 'uniform', 'normal', 'uniform', 'normal', 'uniform', 'no', 'no', 'no', 'no', 'no', 'no', 'log', 'no', 'log', 'arcsinh', 'sqrt', 'no', 'no', 'no', 'no', 'no', 'arcsinh', 'no', 'no', 'no', 'no', 'no', 'no', 0]",13074,9,3,0.3333333333333333,-257.57170732688115,f_rp_p,"['const', 'L50', 'Nlanes', 'MCrv_RS']",['MCV'],,,"[3.16294053e-04 7.67760484e-01 2.25351659e-01 6.45775301e-02
 9.38862913e-04 9.94109295e-03 5.47114264e-05 9.99746968e-01
 4.63530238e-02]"
537.1095968442465,665.094047859328,0.030798435033859595,"[0, 1, 0, 0, 0, 0, 2, 1, 0, 3, 2, 0, 0, 1, 0, 0, 0, 1, 0, 0, 0, 0, 0, 'uniform', 'uniform', 'uniform', 'uniform', 'uniform', 'normal', 'uniform', 'normal', 'triangular', 'triangular', 'uniform', 'triangular', 'triangular', 'triangular', 'normal', 'triangular', 'triangular', 'triangular', 'uniform', 'uniform', 'normal', 'normal', 'triangular', 'no', 'no', 'no', 'no', 'no', 'no', 'log', 'no', 'arcsinh', 'log', 'sqrt', 'no', 'arcsinh', 'sqrt', 'no', 'no', 'log', 'no', 'no', 'no', 'no', 'no', 'no', 0]",10920,10,5,0.5,-258.55479842212327,f_rp_p,"['RD', 'L50', 'Nlanes', 'MCrv_RS']",['MCV'],['Lwidth'],,"[5.31597372e-01 2.47985207e-01 5.09912909e-05 3.51700358e-03
 2.90262850e-01 1.64596392e-03 2.31642145e-01 9.37059063e-01
 9.28373684e-01 6.77845917e-01]"
535.3186198978595,597.1092905069085,0.03835640223439496,"[1, 0, 0, 0, 0, 0, 1, 0, 0, 0, 2, 0, 0, 0, 0, 0, 0, 1, 1, 0, 0, 0, 0, 'normal', 'uniform', 'uniform', 'uniform', 'uniform', 'normal', 'uniform', 'normal', 'triangular', 'normal', 'uniform', 'normal', 'uniform', 'normal', 'triangular', 'triangular', 'triangular', 'triangular', 'triangular', 'normal', 'triangular', 'triangular', 'uniform', 'no', 'no', 'no', 'no', 'no', 'no', 'log', 'no', 'log', 'arcsinh', 'log', 'no', 'arcsinh', 'sqrt', 'no', 'no', 'arcsinh', 'no', 'no', 'no', 'no', 'no', 'no', 0]",11600,6,2,0.3333333333333333,-261.6593099489298,f_rp_p,"['const', 'AADT', 'MCrv_RS', 'C50RT']",['MCV'],,,"[2.63565318e-16 8.46477984e-01 2.13908112e-03 4.37228388e-01
 3.14904882e-06 5.52225863e-03]"
537.0305446871886,721.5072212098107,0.030243310407784524,"[1, 1, 0, 2, 0, 0, 1, 1, 0, 0, 2, 0, 0, 2, 0, 3, 0, 1, 0, 0, 0, 2, 0, 'uniform', 'uniform', 'uniform', 'uniform', 'triangular', 'uniform', 'uniform', 'normal', 'normal', 'uniform', 'uniform', 'triangular', 'uniform', 'normal', 'normal', 'triangular', 'normal', 'uniform', 'uniform', 'uniform', 'uniform', 'triangular', 'uniform', 'no', 'no', 'no', 'no', 'no', 'no', 'log', 'no', 'no', 'log', 'sqrt', 'no', 'no', 'no', 'no', 'no', 'no', 'no', 'no', 'no', 'no', 'no', 'no', 0]",12463,15,7,0.4666666666666667,-253.5152723435943,f_rp_p,"['const', 'AADT', 'L50', 'MCrv_RS']",['Nlanes'],[],,"[5.99021438e-04 7.50715066e-01 2.24205679e-02 2.70503997e-01
 4.08366529e-03 1.38844029e-01 9.56168028e-03 6.76442259e-02
 2.76605914e-01 8.24527986e-01 7.83731704e-01 9.99647497e-01
 3.65377215e-01 9.76108019e-01 9.99970876e-01]"
