aic,bic,MAE,layout,sol_num,num_parm,pval_exceed,pval_percentage,loglik,simple,fixed_fit,rdm_fit,rdm_cor_fit,zi_fit,pvalues
544.4192113756748,606.2098819847237,0.037739646056708334,"[1, 1, 0, 0, 0, 0, 0, 0, 0, 0, 2, 0, 0, 1, 0, 0, 0, 1, 0, 0, 0, 0, 0, 'uniform', 'uniform', 'uniform', 'uniform', 'uniform', 'normal', 'triangular', 'normal', 'normal', 'uniform', 'uniform', 'uniform', 'normal', 'normal', 'normal', 'normal', 'triangular', 'uniform', 'uniform', 'uniform', 'uniform', 'triangular', 'uniform', 'no', 'no', 'no', 'no', 'no', 'no', 'log', 'no', 'log', 'arcsinh', 'sqrt', 'no', 'no', 'sqrt', 'no', 'no', 'no', 'no', 'no', 'no', 'no', 'no', 'no', 0]",11479,6,2,0.3333333333333333,-266.2096056878374,f_rp_p,"['Nlanes', 'MCrv_RS']",['MCV'],,,"[1.54069667e-01 2.58340922e-01 5.41516895e-02 4.38737455e-03
 3.33416875e-13 8.40305332e-03]"
506.30518562866075,639.5880817452504,0.032206486198132954,"[0, 0, 0, 0, 0, 1, 1, 0, 0, 1, 2, 0, 1, 2, 0, 0, 1, 0, 0, 0, 0, 2, 0, 'uniform', 'uniform', 'triangular', 'normal', 'triangular', 'triangular', 'uniform', 'triangular', 'triangular', 'normal', 'uniform', 'normal', 'uniform', 'normal', 'uniform', 'normal', 'uniform', 'triangular', 'triangular', 'normal', 'triangular', 'normal', 'uniform', 'no', 'no', 'no', 'no', 'no', 'no', 'log', 'no', 'log', 'no', 'log', 'no', 'no', 'arcsinh', 'no', 'no', 'log', 'no', 'no', 'no', 'no', 'no', 'no', 0]",5692,11,5,0.45454545454545453,-242.15259281433038,f_rp_p,"['ATLM', 'AADT', 'Lwidth', 'LW_US', 'Length']",['MCV'],,,"[7.94280198e-01 1.44064035e-02 5.98533619e-08 2.65104691e-01
 2.51604576e-03 3.90017453e-04 5.37140128e-06 8.44785083e-01
 9.26599571e-01 9.96550873e-01 9.97699779e-01]"
520.2958239894195,627.9818299029929,0.03252004099008264,"[1, 1, 0, 0, 0, 0, 2, 0, 0, 0, 2, 0, 0, 2, 0, 0, 0, 1, 0, 0, 0, 0, 0, 'uniform', 'uniform', 'uniform', 'uniform', 'uniform', 'normal', 'uniform', 'normal', 'triangular', 'normal', 'uniform', 'triangular', 'normal', 'normal', 'normal', 'normal', 'triangular', 'uniform', 'uniform', 'uniform', 'triangular', 'uniform', 'uniform', 'no', 'no', 'no', 'no', 'no', 'no', 'log', 'no', 'arcsinh', 'arcsinh', 'arcsinh', 'no', 'no', 'no', 'no', 'no', 'no', 'no', 'no', 'no', 'no', 'no', 'no', 0]",11165,9,4,0.4444444444444444,-251.14791199470977,f_rp_p,"['const', 'RD', 'MCrv_RS']",['MCV'],,,"[2.23404300e-10 9.67223292e-01 6.80268074e-03 3.16806624e-01
 1.03837511e-04 4.79714635e-02 9.98737447e-01 5.10990700e-01
 9.90664367e-01]"
519.7092782738405,647.693729288922,0.032046904975939025,"[1, 1, 0, 0, 0, 0, 1, 0, 0, 0, 2, 0, 0, 2, 0, 0, 0, 1, 0, 0, 0, 2, 0, 'normal', 'uniform', 'triangular', 'uniform', 'normal', 'normal', 'uniform', 'uniform', 'triangular', 'normal', 'uniform', 'triangular', 'uniform', 'normal', 'normal', 'normal', 'triangular', 'uniform', 'uniform', 'normal', 'triangular', 'triangular', 'uniform', 'no', 'no', 'no', 'no', 'no', 'no', 'log', 'no', 'arcsinh', 'arcsinh', 'log', 'no', 'no', 'sqrt', 'no', 'no', 'arcsinh', 'no', 'no', 'no', 'no', 'no', 'no', 0]",10391,10,5,0.5,-249.85463913692027,f_rp_p,"['const', 'AADT', 'MCrv_RS']",['MCV'],,,"[2.14118968e-02 8.75837670e-01 2.64475750e-01 3.30402587e-03
 2.26239778e-05 4.16705353e-02 7.55740936e-01 4.50771965e-01
 9.93553580e-01 9.99912850e-01]"
521.1919878142533,608.5795486263185,0.03311677690608243,"[1, 0, 0, 0, 0, 0, 0, 0, 0, 1, 2, 0, 0, 1, 0, 0, 0, 1, 0, 0, 0, 2, 0, 'uniform', 'uniform', 'uniform', 'uniform', 'normal', 'normal', 'triangular', 'normal', 'triangular', 'normal', 'normal', 'uniform', 'normal', 'normal', 'normal', 'normal', 'triangular', 'uniform', 'uniform', 'uniform', 'uniform', 'triangular', 'uniform', 'no', 'no', 'no', 'no', 'no', 'no', 'log', 'no', 'log', 'arcsinh', 'arcsinh', 'no', 'no', 'sqrt', 'no', 'no', 'log', 'no', 'no', 'no', 'no', 'no', 'no', 0]",12606,8,3,0.375,-252.59599390712663,f_rp_p,"['Lwidth', 'Nlanes', 'MCrv_RS']",['MCV'],,,"[5.98020960e-01 3.31220270e-01 9.08075301e-03 9.89088263e-03
 9.35438438e-17 6.81979021e-01 8.75455992e-03 9.72608421e-01]"
537.1095968442465,665.094047859328,0.030798435033859595,"[0, 1, 0, 0, 0, 0, 2, 1, 0, 3, 2, 0, 0, 1, 0, 0, 0, 1, 0, 0, 0, 0, 0, 'uniform', 'uniform', 'uniform', 'uniform', 'uniform', 'normal', 'uniform', 'normal', 'triangular', 'triangular', 'uniform', 'triangular', 'triangular', 'triangular', 'normal', 'triangular', 'triangular', 'triangular', 'uniform', 'uniform', 'normal', 'normal', 'triangular', 'no', 'no', 'no', 'no', 'no', 'no', 'log', 'no', 'arcsinh', 'log', 'sqrt', 'no', 'arcsinh', 'sqrt', 'no', 'no', 'log', 'no', 'no', 'no', 'no', 'no', 'no', 0]",10920,10,5,0.5,-258.55479842212327,f_rp_p,"['RD', 'L50', 'Nlanes', 'MCrv_RS']",['MCV'],['Lwidth'],,"[5.31597372e-01 2.47985207e-01 5.09912909e-05 3.51700358e-03
 2.90262850e-01 1.64596392e-03 2.31642145e-01 9.37059063e-01
 9.28373684e-01 6.77845917e-01]"
535.3186198978595,597.1092905069085,0.03835640223439496,"[1, 0, 0, 0, 0, 0, 1, 0, 0, 0, 2, 0, 0, 0, 0, 0, 0, 1, 1, 0, 0, 0, 0, 'normal', 'uniform', 'uniform', 'uniform', 'uniform', 'normal', 'uniform', 'normal', 'triangular', 'normal', 'uniform', 'normal', 'uniform', 'normal', 'triangular', 'triangular', 'triangular', 'triangular', 'triangular', 'normal', 'triangular', 'triangular', 'uniform', 'no', 'no', 'no', 'no', 'no', 'no', 'log', 'no', 'log', 'arcsinh', 'log', 'no', 'arcsinh', 'sqrt', 'no', 'no', 'arcsinh', 'no', 'no', 'no', 'no', 'no', 'no', 0]",11600,6,2,0.3333333333333333,-261.6593099489298,f_rp_p,"['const', 'AADT', 'MCrv_RS', 'C50RT']",['MCV'],,,"[2.63565318e-16 8.46477984e-01 2.13908112e-03 4.37228388e-01
 3.14904882e-06 5.52225863e-03]"
537.0305446871886,721.5072212098107,0.030243310407784524,"[1, 1, 0, 2, 0, 0, 1, 1, 0, 0, 2, 0, 0, 2, 0, 3, 0, 1, 0, 0, 0, 2, 0, 'uniform', 'uniform', 'uniform', 'uniform', 'triangular', 'uniform', 'uniform', 'normal', 'normal', 'uniform', 'uniform', 'triangular', 'uniform', 'normal', 'normal', 'triangular', 'normal', 'uniform', 'uniform', 'uniform', 'uniform', 'triangular', 'uniform', 'no', 'no', 'no', 'no', 'no', 'no', 'log', 'no', 'no', 'log', 'sqrt', 'no', 'no', 'no', 'no', 'no', 'no', 'no', 'no', 'no', 'no', 'no', 'no', 0]",12463,15,7,0.4666666666666667,-253.5152723435943,f_rp_p,"['const', 'AADT', 'L50', 'MCrv_RS']",['Nlanes'],[],,"[5.99021438e-04 7.50715066e-01 2.24205679e-02 2.70503997e-01
 4.08366529e-03 1.38844029e-01 9.56168028e-03 6.76442259e-02
 2.76605914e-01 8.24527986e-01 7.83731704e-01 9.99647497e-01
 3.65377215e-01 9.76108019e-01 9.99970876e-01]"
