aic,bic,MAE,layout,sol_num,num_parm,pval_exceed,pval_percentage,loglik,simple,fixed_fit,rdm_fit,rdm_cor_fit,zi_fit,pvalues
529.0964208194662,723.2746522405803,0.03326934352036691,"[1, 0, 0, 0, 0, 2, 0, 1, 0, 1, 2, 0, 0, 2, 0, 1, 0, 2, 2, 0, 0, 0, 0, 'uniform', 'triangular', 'normal', 'normal', 'triangular', 'normal', 'uniform', 'normal', 'normal', 'uniform', 'triangular', 'triangular', 'uniform', 'normal', 'normal', 'normal', 'uniform', 'triangular', 'normal', 'normal', 'triangular', 'triangular', 'uniform', 'no', 'no', 'no', 'no', 'no', 'no', 'log', 'no', 'no', 'no', 'arcsinh', 'no', 'no', 'arcsinh', 'no', 'no', 'log', 'no', 'no', 'no', 'no', 'no', 'no', 0]",3364,14,8,0.5714285714285714,-250.5482104097331,f_rp_p,"['const', 'L50', 'Lwidth', 'S_Curve']",['MCV'],,,"[1.20596306e-02 6.86784580e-01 7.25366733e-01 7.02296452e-01
 2.29873523e-01 2.67645371e-08 2.80393051e-02 1.10591950e-02
 7.42567090e-01 9.99785057e-01 5.01120281e-01 9.86499242e-01
 9.99586814e-01 9.98859864e-01]"
545.8823841594415,638.5683900730148,0.034963742485985404,"[1, 1, 0, 0, 1, 0, 1, 0, 0, 0, 2, 0, 0, 1, 1, 0, 0, 0, 0, 0, 0, 1, 0, 'uniform', 'triangular', 'uniform', 'uniform', 'triangular', 'normal', 'uniform', 'normal', 'normal', 'triangular', 'uniform', 'triangular', 'uniform', 'normal', 'normal', 'normal', 'triangular', 'normal', 'triangular', 'uniform', 'triangular', 'triangular', 'normal', 'no', 'no', 'no', 'no', 'no', 'no', 'log', 'no', 'sqrt', 'log', 'sqrt', 'no', 'no', 'arcsinh', 'no', 'no', 'log', 'no', 'no', 'no', 'no', 'no', 'no', 0]",3371,9,3,0.3333333333333333,-263.94119207972074,f_rp_p,"['const', 'M_Curve', 'AADT', 'Nlanes']",['MCV'],,,"[3.13963948e-02 2.93013461e-01 2.66652144e-02 3.76643682e-02
 2.29818054e-02 2.53549410e-01 3.19406779e-01 1.31733484e-04
 7.09201658e-03]"
613.0828088182072,628.9781441227317,33453.68820072741,"[0, 0, 0, 0, 0, 0, 0, 0, 1, 0, 2, 0, 0, 0, 0, 0, 0, 0, 0, 0, 0, 0, 0, 'uniform', 'triangular', 'normal', 'uniform', 'triangular', 'triangular', 'normal', 'normal', 'uniform', 'uniform', 'uniform', 'triangular', 'uniform', 'normal', 'normal', 'normal', 'uniform', 'normal', 'triangular', 'normal', 'triangular', 'triangular', 'normal', 'no', 'no', 'no', 'no', 'no', 'no', 'log', 'no', 'arcsinh', 'arcsinh', 'no', 'no', 'no', 'log', 'no', 'no', 'arcsinh', 'no', 'no', 'no', 'no', 'no', 'no', 0]",3053,3,0,0.0,-303.5414044091036,f_rp_p,['SP'],['MCV'],,,[3.16890617e-97 9.25953106e-03 2.34990271e-04]
542.5443703228214,1027.0946135710822,0.032987388541260966,"[1, 0, 1, 0, 0, 3, 2, 1, 0, 3, 2, 2, 2, 2, 0, 1, 3, 2, 0, 0, 0, 3, 2, 'triangular', 'normal', 'uniform', 'triangular', 'triangular', 'normal', 'triangular', 'normal', 'normal', 'uniform', 'uniform', 'triangular', 'normal', 'uniform', 'normal', 'normal', 'normal', 'normal', 'triangular', 'normal', 'uniform', 'normal', 'triangular', 'no', 'no', 'no', 'no', 'no', 'no', 'arcsinh', 'no', 'log', 'arcsinh', 'arcsinh', 'no', 'no', 'arcsinh', 'no', 'no', 'log', 'no', 'no', 'no', 'no', 'no', 'no', 0]",3308,32,21,0.65625,-239.2721851614107,f_rp_c_p,"['const', 'Median', 'L50', 'S_Curve']",['Nlanes'],"['ATLM', 'Lwidth']",,"[0.24769041 0.78064362 0.84128815 0.77535114 0.01734221 0.04289876
 0.99993132 0.78171995 0.03814159 0.98971631 0.19000319 0.59474692
 0.69573615 0.02336225 0.32533936 0.95856631 0.95031005 0.99106203
 0.94897584 0.99297095 0.92524827 0.95525133 0.9806941  0.94773116
 0.72405443 0.99694613 0.90937871 0.99989145 0.95422026 0.91198124
 0.93985092 0.99501553]"
