aic,bic,MAE,layout,sol_num,num_parm,pval_exceed,pval_percentage,loglik,simple,fixed_fit,rdm_fit,rdm_cor_fit,zi_fit,pvalues
569.6778473165609,870.6467493467239,0.04184287463875427,"[1, 1, 0, 2, 0, 1, 0, 3, 0, 1, 2, 0, 0, 2, 0, 1, 1, 2, 0, 2, 0, 0, 1, 'triangular', 'normal', 'uniform', 'triangular', 'normal', 'triangular', 'uniform', 'uniform', 'uniform', 'triangular', 'uniform', 'triangular', 'normal', 'normal', 'normal', 'normal', 'normal', 'triangular', 'uniform', 'normal', 'triangular', 'uniform', 'uniform', 'no', 'no', 'no', 'no', 'no', 'no', 'arcsinh', 'no', 'log', 'no', 'arcsinh', 'no', 'arcsinh', 'arcsinh', 'no', 'no', 'log', 'no', 'no', 'no', 'no', 'no', 'no', 2]",1032,20,13,0.65,-264.83892365828046,f_rp_gp,"['const', 'RD', 'ATLM', 'Lwidth', 'S_Curve', 'Length', 'Roll_Ter']",['MCV'],[],,"[0.13052081 0.92303087 0.91410283 0.90586694 0.93003586 0.29457177
 0.25429693 0.94918398 0.15538842 0.42947913 0.8662168  0.98464563
 0.89085518 0.92189328 0.61876291 0.03992391 0.82448367 0.9034683
 0.99465683 0.97754705]"
579.5254897527193,870.7928368843903,0.03786894615794198,"[0, 0, 3, 0, 0, 1, 0, 0, 0, 1, 2, 0, 3, 2, 3, 1, 1, 2, 2, 0, 0, 0, 0, 'uniform', 'normal', 'uniform', 'normal', 'triangular', 'triangular', 'triangular', 'uniform', 'uniform', 'triangular', 'uniform', 'triangular', 'uniform', 'normal', 'normal', 'triangular', 'uniform', 'triangular', 'triangular', 'normal', 'triangular', 'uniform', 'uniform', 'no', 'no', 'no', 'no', 'no', 'no', 'log', 'no', 'log', 'no', 'arcsinh', 'no', 'arcsinh', 'arcsinh', 'no', 'no', 'log', 'no', 'no', 'no', 'no', 'no', 'no', 0]",1056,21,12,0.5714285714285714,-268.76274487635965,f_rp_c_p,"['ATLM', 'Lwidth', 'S_Curve', 'Length']",['Nlanes'],['Median'],,"[6.67749694e-01 4.37822502e-05 9.16827241e-01 5.10727632e-02
 4.04314945e-02 1.34710562e-01 9.00520320e-01 9.38750899e-01
 7.63958726e-01 8.32786806e-01 9.31287155e-01 7.18770721e-01
 7.14668251e-01 8.87982858e-01 6.75206990e-01 9.37263310e-01
 9.61708489e-01 9.48585842e-01 9.50522164e-01 2.87030848e-01
 9.85354510e-01]"
618.9041458813032,803.3808224039253,0.04472840338278406,"[1, 0, 0, 0, 0, 1, 2, 0, 0, 0, 0, 3, 0, 1, 0, 2, 0, 2, 0, 0, 0, 0, 3, 'triangular', 'uniform', 'normal', 'uniform', 'uniform', 'uniform', 'uniform', 'normal', 'uniform', 'triangular', 'triangular', 'triangular', 'triangular', 'uniform', 'normal', 'uniform', 'triangular', 'triangular', 'uniform', 'normal', 'uniform', 'normal', 'normal', 'no', 'no', 'no', 'no', 'no', 'no', 'log', 'no', 'arcsinh', 'no', 'log', 'no', 'arcsinh', 'log', 'no', 'no', 'log', 'no', 'no', 'no', 'no', 'no', 'no', 2]",460,15,7,0.4666666666666667,-294.4520729406516,f_rp_c_gp,"['const', 'ATLM', 'Nlanes']",[],"['UD', 'Roll_Ter']",,"[7.91207643e-10 3.25386441e-03 6.02284066e-02 3.23270031e-04
 8.38576380e-01 5.35041602e-01 9.99824842e-01 2.58304816e-01
 9.99999854e-01 9.99999657e-01 8.11336277e-01 9.43037238e-01
 1.45567473e-01 5.64919183e-01 7.97487546e-01]"
604.7088497338041,931.2746419669833,0.0355687257101544,"[0, 0, 3, 0, 0, 1, 2, 0, 3, 0, 2, 3, 0, 1, 0, 2, 1, 2, 1, 0, 0, 0, 0, 'triangular', 'normal', 'normal', 'triangular', 'uniform', 'uniform', 'normal', 'uniform', 'uniform', 'uniform', 'triangular', 'triangular', 'normal', 'normal', 'uniform', 'normal', 'uniform', 'triangular', 'uniform', 'triangular', 'triangular', 'uniform', 'uniform', 'no', 'no', 'no', 'no', 'no', 'no', 'log', 'no', 'log', 'log', 'arcsinh', 'no', 'no', 'arcsinh', 'no', 'no', 'no', 'no', 'no', 'no', 'no', 'no', 'no', 2]",272,22,14,0.6363636363636364,-280.35442486690204,f_rp_c_gp,"['ATLM', 'Nlanes', 'Length', 'C50RT']",['MCV'],"['Median', 'SP']",,"[3.49337895e-001 1.51957053e-001 6.75968951e-001 4.70409235e-001
 9.61780244e-001 2.67124896e-001 9.50553607e-001 3.34715533e-001
 8.21228546e-001 1.60164871e-001 4.51773627e-320 9.41230476e-001
 9.00096681e-001 9.43160342e-001 9.37618183e-001 9.20227149e-001
 4.51773627e-320 5.46845051e-001 8.13324357e-001 8.37084391e-001
 9.95191346e-001 7.88586073e-001]"
599.9080466359883,799.3847231586105,0.058177114685272625,"[1, 0, 0, 0, 0, 1, 2, 0, 1, 2, 0, 3, 0, 0, 0, 2, 0, 2, 1, 0, 0, 0, 0, 'normal', 'normal', 'normal', 'uniform', 'uniform', 'uniform', 'triangular', 'uniform', 'uniform', 'uniform', 'normal', 'triangular', 'normal', 'normal', 'uniform', 'normal', 'uniform', 'normal', 'uniform', 'triangular', 'triangular', 'normal', 'normal', 'no', 'no', 'no', 'no', 'no', 'no', 'log', 'no', 'log', 'log', 'log', 'no', 'arcsinh', 'sqrt', 'no', 'no', 'sqrt', 'no', 'no', 'no', 'no', 'no', 'no', 2]",997,15,8,0.5333333333333333,-284.95402331799414,f_rp_gp,"['const', 'ATLM', 'SP', 'C50RT']",['Lwidth'],['UD'],,"[0.03769888 0.19790666 0.08323865 0.41598046 0.15344075 0.89743325
 0.81883765 0.64609229 0.99960247 0.99999924 0.13218131 0.86841894
 0.41053737 0.86487492 0.90307928]"
530.4399798765294,740.5135466021679,2.9050259517747365,"[0, 0, 0, 0, 0, 2, 0, 3, 0, 1, 2, 0, 0, 1, 0, 0, 1, 2, 1, 0, 0, 3, 2, 'triangular', 'normal', 'uniform', 'triangular', 'normal', 'normal', 'uniform', 'normal', 'normal', 'uniform', 'triangular', 'uniform', 'normal', 'normal', 'uniform', 'normal', 'normal', 'uniform', 'uniform', 'normal', 'triangular', 'normal', 'uniform', 'no', 'no', 'no', 'no', 'no', 'no', 'arcsinh', 'no', 'arcsinh', 'no', 'arcsinh', 'no', 'arcsinh', 'sqrt', 'no', 'no', 'log', 'no', 'no', 'no', 'no', 'no', 'no', 0]",1616,17,8,0.47058823529411764,-248.2199899382647,f_rp_c_p,"['Lwidth', 'Nlanes', 'Length', 'C50RT']",[],['L50'],,"[1.74171520e-06 5.33332250e-10 7.22710254e-02 5.09410060e-01
 9.79543937e-01 6.50824948e-11 9.82081466e-01 6.74179781e-02
 9.57286121e-01 4.61827824e-01 8.94520225e-01 8.43342961e-01
 7.86310664e-01 9.92555041e-01 7.83185786e-01 9.81223883e-01
 9.96728523e-01]"
595.2675040612294,1308.3990885275878,0.0342524493206433,"[0, 0, 2, 1, 1, 0, 1, 3, 1, 1, 2, 0, 0, 2, 3, 2, 3, 3, 3, 0, 2, 3, 1, 'uniform', 'uniform', 'normal', 'uniform', 'uniform', 'normal', 'triangular', 'normal', 'triangular', 'triangular', 'uniform', 'normal', 'normal', 'normal', 'triangular', 'normal', 'uniform', 'uniform', 'uniform', 'normal', 'uniform', 'normal', 'normal', 'no', 'no', 'no', 'no', 'no', 'no', 'arcsinh', 'no', 'no', 'arcsinh', 'arcsinh', 'no', 'no', 'arcsinh', 'no', 'no', 'arcsinh', 'no', 'no', 'no', 'no', 'no', 'no', 1]",44,44,32,0.7272727272727273,-253.63375203061466,f_rp_c_nb,"['Mt_Ter', 'M_Curve', 'AADT', 'SP', 'Lwidth', 'Roll_Ter']",[],"['L50', 'Curve50', 'MCrv_RS']",,"[7.66679804e-01 6.47964995e-01 1.24591472e-01 5.58277596e-01
 2.35708131e-04 3.54143207e-01 9.01147785e-01 3.54457837e-01
 2.40284523e-01 9.40628567e-01 7.60481573e-01 9.78079433e-01
 8.29592938e-01 5.30485281e-01 8.29378852e-01 7.81907137e-01
 9.27755778e-01 7.90996004e-01 9.49898744e-01 9.88240251e-01
 9.84892365e-01 9.93046721e-01 7.99023456e-01 8.59135047e-01
 9.87212013e-01 7.65991895e-01 9.98603807e-01 8.95899912e-01
 9.91228071e-01 8.65820598e-01 9.91313958e-01 9.93785470e-01
 8.18314762e-01 9.99443777e-01 7.97803701e-01 9.82927597e-01
 9.95761610e-01 9.78349628e-01 9.18270895e-01 8.68965097e-01
 9.86660637e-01 9.98958099e-01 9.95719741e-01 8.00782477e-01]"
