aic,bic,MAE,layout,sol_num,num_parm,pval_exceed,pval_percentage,loglik,simple,fixed_fit,rdm_fit,rdm_cor_fit,zi_fit,pvalues
523.6983852849816,738.1750618076037,0.033798819687580896,"[1, 0, 1, 0, 0, 0, 0, 1, 0, 0, 2, 0, 0, 2, 0, 1, 0, 2, 0, 0, 0, 3, 2, 'triangular', 'triangular', 'uniform', 'triangular', 'triangular', 'normal', 'uniform', 'uniform', 'normal', 'uniform', 'uniform', 'triangular', 'uniform', 'normal', 'normal', 'normal', 'uniform', 'triangular', 'triangular', 'normal', 'uniform', 'triangular', 'uniform', 'no', 'no', 'no', 'no', 'no', 'no', 'log', 'no', 'log', 'arcsinh', 'arcsinh', 'no', 'no', 'log', 'no', 'no', 'log', 'no', 'no', 'no', 'no', 'no', 'no', 2]",1794,15,9,0.6,-246.84919264249078,f_rp_gp,"['const', 'Median', 'L50', 'S_Curve']",['MCV'],[],,"[2.05069277e-15 7.61029156e-01 3.20986139e-01 8.31228949e-01
 3.69961001e-09 1.50237195e-02 6.84351611e-01 2.24187822e-02
 7.77010914e-01 9.60214493e-01 9.04180169e-01 9.28480609e-01
 6.06605948e-01 9.93133381e-01 6.94100805e-01]"
570.5820429033802,709.163384121478,0.07174050019235319,"[1, 0, 0, 1, 0, 1, 0, 0, 0, 0, 2, 2, 0, 2, 0, 1, 0, 2, 0, 0, 0, 0, 0, 'uniform', 'uniform', 'normal', 'uniform', 'triangular', 'uniform', 'triangular', 'uniform', 'normal', 'uniform', 'uniform', 'triangular', 'uniform', 'normal', 'normal', 'uniform', 'normal', 'normal', 'triangular', 'normal', 'uniform', 'triangular', 'normal', 'no', 'no', 'no', 'no', 'no', 'no', 'log', 'no', 'arcsinh', 'no', 'sqrt', 'no', 'no', 'log', 'no', 'no', 'log', 'no', 'no', 'no', 'no', 'no', 'no', 0]",2724,12,5,0.4166666666666667,-273.2910214516901,f_rp_p,"['const', 'Mt_Ter', 'ATLM']",['UD'],,,"[1.75952918e-012 9.83774087e-002 1.45237378e-001 3.78882146e-001
 6.35691773e-002 4.51773627e-320 4.35143353e-001 6.15113856e-001
 6.53484810e-001 4.51773627e-320 3.12533754e-001 8.74849312e-001]"
613.0828088182072,628.9781441227317,33453.68820072741,"[0, 0, 0, 0, 0, 0, 0, 0, 1, 0, 2, 0, 0, 0, 0, 0, 0, 0, 0, 0, 0, 0, 0, 'uniform', 'triangular', 'normal', 'uniform', 'triangular', 'triangular', 'normal', 'normal', 'uniform', 'uniform', 'uniform', 'triangular', 'uniform', 'normal', 'normal', 'normal', 'uniform', 'normal', 'triangular', 'normal', 'triangular', 'triangular', 'normal', 'no', 'no', 'no', 'no', 'no', 'no', 'log', 'no', 'arcsinh', 'arcsinh', 'no', 'no', 'no', 'log', 'no', 'no', 'arcsinh', 'no', 'no', 'no', 'no', 'no', 'no', 0]",3053,3,0,0.0,-303.5414044091036,f_rp_p,['SP'],['MCV'],,,[3.16890617e-97 9.25953106e-03 2.34990271e-04]
525.5050480909358,739.981724613558,0.03330649090565007,"[1, 0, 0, 0, 0, 1, 0, 0, 0, 0, 2, 0, 0, 3, 1, 1, 0, 2, 2, 1, 0, 0, 2, 'triangular', 'uniform', 'triangular', 'uniform', 'triangular', 'triangular', 'uniform', 'normal', 'normal', 'uniform', 'uniform', 'normal', 'uniform', 'normal', 'normal', 'normal', 'triangular', 'triangular', 'normal', 'triangular', 'triangular', 'triangular', 'uniform', 'no', 'no', 'no', 'no', 'no', 'no', 'log', 'no', 'arcsinh', 'arcsinh', 'arcsinh', 'no', 'no', 'log', 'no', 'no', 'no', 'no', 'no', 'no', 'no', 'no', 'no', 0]",1938,15,9,0.6,-247.75252404546788,f_rp_p,"['const', 'ATLM', 'Curve50', 'L_Ter']",['MCV'],[],,"[3.56280629e-07 5.39750470e-01 6.70959877e-01 9.83809608e-01
 6.43221576e-01 4.35986826e-04 3.21984439e-01 5.41083684e-01
 1.83227900e-01 3.85228146e-02 8.83843246e-01 2.68095637e-01
 9.82671758e-01 9.32479778e-01 9.56710974e-01]"
