aic,bic,MAE,layout,sol_num,num_parm,pval_exceed,pval_percentage,loglik,simple,fixed_fit,rdm_fit,rdm_cor_fit,zi_fit,pvalues
540.5484586609318,806.2189155895866,0.031876102101847006,"[0, 0, 0, 0, 0, 1, 2, 1, 1, 1, 2, 3, 0, 2, 0, 2, 0, 2, 0, 0, 0, 3, 0, 'triangular', 'uniform', 'normal', 'uniform', 'uniform', 'normal', 'uniform', 'uniform', 'normal', 'uniform', 'uniform', 'triangular', 'normal', 'normal', 'uniform', 'normal', 'uniform', 'normal', 'uniform', 'normal', 'uniform', 'triangular', 'uniform', 'no', 'no', 'no', 'no', 'no', 'no', 'log', 'no', 'log', 'arcsinh', 'arcsinh', 'no', 'no', 'arcsinh', 'no', 'no', 'log', 'no', 'no', 'no', 'no', 'no', 'no', 0]",3549,19,11,0.5789473684210527,-251.2742293304659,f_rp_c_p,"['ATLM', 'L50', 'SP', 'Lwidth']","['Nlanes', 'S_Curve']","['UD', 'RSMS']",,"[4.32517643e-01 6.62508537e-01 1.92378388e-01 3.56126372e-06
 3.63563929e-01 9.09792945e-03 1.42932578e-02 9.17191191e-01
 1.98222530e-01 9.99952820e-01 1.48835015e-01 9.99974946e-01
 9.99975488e-01 9.07760043e-01 9.85864261e-01 9.40878362e-01
 9.05363950e-01 7.99704288e-01 8.02191926e-01]"
537.5869096751993,711.4666959948053,0.033851247539792025,"[0, 1, 1, 0, 1, 0, 0, 0, 0, 1, 2, 0, 0, 2, 1, 3, 0, 0, 2, 0, 0, 0, 0, 'uniform', 'triangular', 'triangular', 'uniform', 'triangular', 'normal', 'normal', 'uniform', 'normal', 'triangular', 'uniform', 'triangular', 'triangular', 'normal', 'normal', 'normal', 'normal', 'normal', 'normal', 'normal', 'triangular', 'uniform', 'normal', 'no', 'no', 'no', 'no', 'no', 'no', 'arcsinh', 'no', 'sqrt', 'arcsinh', 'arcsinh', 'no', 'no', 'arcsinh', 'no', 'no', 'log', 'no', 'no', 'no', 'no', 'no', 'no', 0]",4321,13,7,0.5384615384615384,-255.79345483759965,f_rp_p,"['M_Curve', 'Lwidth', 'Curve50']",['Nlanes'],[],,"[8.95607731e-01 9.50116687e-01 9.30981750e-02 1.01321879e-03
 6.05714197e-01 4.77398697e-04 5.61996641e-03 7.87778324e-01
 8.66309515e-01 8.77920938e-01 2.47278076e-01 7.62396872e-01
 9.76638018e-01]"
520.998095078722,720.4747716013442,0.03257209325676122,"[1, 0, 0, 0, 0, 2, 2, 1, 3, 1, 2, 0, 0, 2, 0, 0, 0, 2, 0, 0, 0, 0, 0, 'normal', 'triangular', 'uniform', 'normal', 'normal', 'uniform', 'uniform', 'normal', 'normal', 'uniform', 'triangular', 'normal', 'uniform', 'normal', 'normal', 'normal', 'uniform', 'normal', 'uniform', 'normal', 'triangular', 'triangular', 'uniform', 'no', 'no', 'no', 'no', 'no', 'no', 'log', 'no', 'no', 'arcsinh', 'arcsinh', 'no', 'no', 'arcsinh', 'no', 'no', 'arcsinh', 'no', 'no', 'no', 'no', 'no', 'no', 0]",4207,15,8,0.5333333333333333,-245.49904753936102,f_rp_p,"['const', 'L50', 'Lwidth']",[],[],,"[0.09229578 0.45973574 0.68839088 0.43104865 0.22897627 0.00188114
 0.00576922 0.08363326 0.07999756 0.98469223 0.99973664 0.9937924
 0.81341854 0.9970368  0.99859595]"
545.8823841594415,638.5683900730148,0.034963742485985404,"[1, 1, 0, 0, 1, 0, 1, 0, 0, 0, 2, 0, 0, 1, 1, 0, 0, 0, 0, 0, 0, 1, 0, 'uniform', 'triangular', 'uniform', 'uniform', 'triangular', 'normal', 'uniform', 'normal', 'normal', 'triangular', 'uniform', 'triangular', 'uniform', 'normal', 'normal', 'normal', 'triangular', 'normal', 'triangular', 'uniform', 'triangular', 'triangular', 'normal', 'no', 'no', 'no', 'no', 'no', 'no', 'log', 'no', 'sqrt', 'log', 'sqrt', 'no', 'no', 'arcsinh', 'no', 'no', 'log', 'no', 'no', 'no', 'no', 'no', 'no', 0]",3371,9,3,0.3333333333333333,-263.94119207972074,f_rp_p,"['const', 'M_Curve', 'AADT', 'Nlanes']",['MCV'],,,"[3.13963948e-02 2.93013461e-01 2.66652144e-02 3.76643682e-02
 2.29818054e-02 2.53549410e-01 3.19406779e-01 1.31733484e-04
 7.09201658e-03]"
613.0828088182072,628.9781441227317,33453.68820072741,"[0, 0, 0, 0, 0, 0, 0, 0, 1, 0, 2, 0, 0, 0, 0, 0, 0, 0, 0, 0, 0, 0, 0, 'uniform', 'triangular', 'normal', 'uniform', 'triangular', 'triangular', 'normal', 'normal', 'uniform', 'uniform', 'uniform', 'triangular', 'uniform', 'normal', 'normal', 'normal', 'uniform', 'normal', 'triangular', 'normal', 'triangular', 'triangular', 'normal', 'no', 'no', 'no', 'no', 'no', 'no', 'log', 'no', 'arcsinh', 'arcsinh', 'no', 'no', 'no', 'log', 'no', 'no', 'arcsinh', 'no', 'no', 'no', 'no', 'no', 'no', 0]",3053,3,0,0.0,-303.5414044091036,f_rp_p,['SP'],['MCV'],,,[3.16890617e-97 9.25953106e-03 2.34990271e-04]
543.8165284120948,814.7854304422577,0.031187134398276195,"[1, 1, 1, 0, 1, 2, 3, 2, 0, 0, 2, 0, 0, 2, 0, 1, 0, 2, 0, 2, 0, 0, 1, 'uniform', 'normal', 'triangular', 'triangular', 'triangular', 'normal', 'uniform', 'uniform', 'normal', 'uniform', 'triangular', 'triangular', 'uniform', 'normal', 'uniform', 'normal', 'triangular', 'triangular', 'triangular', 'normal', 'triangular', 'triangular', 'uniform', 'no', 'no', 'no', 'no', 'no', 'no', 'log', 'no', 'log', 'arcsinh', 'sqrt', 'no', 'arcsinh', 'arcsinh', 'no', 'no', 'log', 'no', 'no', 'no', 'no', 'no', 'no', 0]",4118,20,11,0.55,-251.9082642060474,f_rp_p,"['const', 'RD', 'Median', 'M_Curve', 'S_Curve', 'Roll_Ter']",['Nlanes'],[],,"[0.03518138 0.5172138  0.52352316 0.60641112 0.9652338  0.01263591
 0.53439592 0.14323601 0.01004516 0.03556793 0.17765104 0.83384905
 0.09630829 0.91292617 0.99950044 0.99965082 0.7984593  0.90420515
 0.99991573 0.99767496]"
