aic,bic,MAE,layout,sol_num,num_parm,pval_exceed,pval_percentage,loglik,simple,fixed_fit,rdm_fit,rdm_cor_fit,zi_fit,pvalues
520.0877872916653,627.7737932052387,0.03338679231273334,"[1, 1, 0, 0, 0, 0, 0, 0, 0, 0, 2, 0, 0, 2, 0, 0, 0, 1, 0, 0, 0, 2, 0, 'uniform', 'uniform', 'uniform', 'uniform', 'uniform', 'normal', 'uniform', 'normal', 'triangular', 'normal', 'uniform', 'triangular', 'normal', 'normal', 'normal', 'normal', 'triangular', 'uniform', 'uniform', 'normal', 'triangular', 'triangular', 'uniform', 'no', 'no', 'no', 'no', 'no', 'no', 'log', 'no', 'arcsinh', 'arcsinh', 'log', 'no', 'no', 'sqrt', 'no', 'no', 'log', 'no', 'no', 'no', 'no', 'no', 'no', 0]",8800,9,4,0.4444444444444444,-251.04389364583267,f_rp_p,"['const', 'RD', 'MCrv_RS']",['MCV'],,,"[2.04940836e-02 8.81594658e-01 5.23032934e-03 7.63644437e-14
 4.07947806e-02 8.52338287e-01 2.21893684e-01 9.98504116e-01
 9.99908034e-01]"
506.30518562866075,639.5880817452504,0.032206486198132954,"[0, 0, 0, 0, 0, 1, 1, 0, 0, 1, 2, 0, 1, 2, 0, 0, 1, 0, 0, 0, 0, 2, 0, 'uniform', 'uniform', 'triangular', 'normal', 'triangular', 'triangular', 'uniform', 'triangular', 'triangular', 'normal', 'uniform', 'normal', 'uniform', 'normal', 'uniform', 'normal', 'uniform', 'triangular', 'triangular', 'normal', 'triangular', 'normal', 'uniform', 'no', 'no', 'no', 'no', 'no', 'no', 'log', 'no', 'log', 'no', 'log', 'no', 'no', 'arcsinh', 'no', 'no', 'log', 'no', 'no', 'no', 'no', 'no', 'no', 0]",5692,11,5,0.45454545454545453,-242.15259281433038,f_rp_p,"['ATLM', 'AADT', 'Lwidth', 'LW_US', 'Length']",['MCV'],,,"[7.94280198e-01 1.44064035e-02 5.98533619e-08 2.65104691e-01
 2.51604576e-03 3.90017453e-04 5.37140128e-06 8.44785083e-01
 9.26599571e-01 9.96550873e-01 9.97699779e-01]"
520.2958239894195,627.9818299029929,0.03252004099008264,"[1, 1, 0, 0, 0, 0, 2, 0, 0, 0, 2, 0, 0, 2, 0, 0, 0, 1, 0, 0, 0, 0, 0, 'uniform', 'uniform', 'uniform', 'uniform', 'uniform', 'normal', 'uniform', 'normal', 'triangular', 'normal', 'uniform', 'triangular', 'normal', 'normal', 'normal', 'normal', 'triangular', 'uniform', 'uniform', 'uniform', 'triangular', 'uniform', 'uniform', 'no', 'no', 'no', 'no', 'no', 'no', 'log', 'no', 'arcsinh', 'arcsinh', 'arcsinh', 'no', 'no', 'no', 'no', 'no', 'no', 'no', 'no', 'no', 'no', 'no', 'no', 0]",11165,9,4,0.4444444444444444,-251.14791199470977,f_rp_p,"['const', 'RD', 'MCrv_RS']",['MCV'],,,"[2.23404300e-10 9.67223292e-01 6.80268074e-03 3.16806624e-01
 1.03837511e-04 4.79714635e-02 9.98737447e-01 5.10990700e-01
 9.90664367e-01]"
519.7092782738405,647.693729288922,0.032046904975939025,"[1, 1, 0, 0, 0, 0, 1, 0, 0, 0, 2, 0, 0, 2, 0, 0, 0, 1, 0, 0, 0, 2, 0, 'normal', 'uniform', 'triangular', 'uniform', 'normal', 'normal', 'uniform', 'uniform', 'triangular', 'normal', 'uniform', 'triangular', 'uniform', 'normal', 'normal', 'normal', 'triangular', 'uniform', 'uniform', 'normal', 'triangular', 'triangular', 'uniform', 'no', 'no', 'no', 'no', 'no', 'no', 'log', 'no', 'arcsinh', 'arcsinh', 'log', 'no', 'no', 'sqrt', 'no', 'no', 'arcsinh', 'no', 'no', 'no', 'no', 'no', 'no', 0]",10391,10,5,0.5,-249.85463913692027,f_rp_p,"['const', 'AADT', 'MCrv_RS']",['MCV'],,,"[2.14118968e-02 8.75837670e-01 2.64475750e-01 3.30402587e-03
 2.26239778e-05 4.16705353e-02 7.55740936e-01 4.50771965e-01
 9.93553580e-01 9.99912850e-01]"
508.10974473532593,610.4973055473911,0.03649038429383039,"[1, 0, 1, 0, 0, 0, 0, 0, 0, 0, 2, 0, 0, 2, 0, 0, 1, 0, 0, 0, 0, 1, 0, 'uniform', 'uniform', 'normal', 'uniform', 'triangular', 'triangular', 'uniform', 'normal', 'normal', 'uniform', 'uniform', 'normal', 'normal', 'normal', 'normal', 'triangular', 'triangular', 'normal', 'uniform', 'uniform', 'uniform', 'triangular', 'uniform', 'no', 'no', 'no', 'no', 'no', 'no', 'log', 'no', 'sqrt', 'log', 'arcsinh', 'no', 'arcsinh', 'log', 'no', 'no', 'log', 'no', 'no', 'no', 'no', 'no', 'no', 0]",7308,8,4,0.5,-246.05487236766297,f_rp_p,"['const', 'Median', 'Length', 'RSMS']",['MCV'],,,"[5.68955881e-28 6.88082608e-01 1.86241891e-04 5.88580279e-01
 1.83151218e-21 2.46905781e-03 6.24342487e-01 9.99727283e-01]"
572.3185886863632,598.810814193904,982.9086379499178,"[1, 0, 0, 0, 0, 0, 1, 0, 1, 0, 2, 0, 0, 0, 0, 0, 0, 0, 0, 0, 0, 0, 0, 'normal', 'triangular', 'normal', 'uniform', 'triangular', 'normal', 'normal', 'uniform', 'normal', 'triangular', 'uniform', 'triangular', 'normal', 'uniform', 'uniform', 'normal', 'triangular', 'normal', 'triangular', 'triangular', 'triangular', 'triangular', 'triangular', 'no', 'no', 'no', 'no', 'no', 'no', 'log', 'no', 'log', 'log', 'no', 'no', 'arcsinh', 'log', 'no', 'no', 'log', 'no', 'no', 'no', 'no', 'no', 'no', 0]",7970,5,0,0.0,-281.1592943431816,f_rp_p,"['const', 'AADT', 'SP']",['MCV'],,,"[3.74418988e-08 2.42565018e-03 6.76988905e-06 3.88914638e-01
 3.78157449e-04]"
537.1095968442465,665.094047859328,0.030798435033859595,"[0, 1, 0, 0, 0, 0, 2, 1, 0, 3, 2, 0, 0, 1, 0, 0, 0, 1, 0, 0, 0, 0, 0, 'uniform', 'uniform', 'uniform', 'uniform', 'uniform', 'normal', 'uniform', 'normal', 'triangular', 'triangular', 'uniform', 'triangular', 'triangular', 'triangular', 'normal', 'triangular', 'triangular', 'triangular', 'uniform', 'uniform', 'normal', 'normal', 'triangular', 'no', 'no', 'no', 'no', 'no', 'no', 'log', 'no', 'arcsinh', 'log', 'sqrt', 'no', 'arcsinh', 'sqrt', 'no', 'no', 'log', 'no', 'no', 'no', 'no', 'no', 'no', 0]",10920,10,5,0.5,-258.55479842212327,f_rp_p,"['RD', 'L50', 'Nlanes', 'MCrv_RS']",['MCV'],['Lwidth'],,"[5.31597372e-01 2.47985207e-01 5.09912909e-05 3.51700358e-03
 2.90262850e-01 1.64596392e-03 2.31642145e-01 9.37059063e-01
 9.28373684e-01 6.77845917e-01]"
