aic,bic,MAE,layout,sol_num,num_parm,pval_exceed,pval_percentage,loglik,simple,fixed_fit,rdm_fit,rdm_cor_fit,zi_fit,pvalues
546.9008988860081,700.4822401041059,0.03381570813137236,"[1, 0, 0, 0, 0, 1, 2, 0, 1, 0, 2, 0, 0, 1, 0, 1, 1, 0, 0, 0, 0, 2, 0, 'uniform', 'uniform', 'normal', 'triangular', 'triangular', 'uniform', 'uniform', 'uniform', 'triangular', 'uniform', 'uniform', 'normal', 'uniform', 'normal', 'normal', 'normal', 'normal', 'normal', 'uniform', 'normal', 'triangular', 'normal', 'uniform', 'no', 'no', 'no', 'no', 'no', 'no', 'arcsinh', 'no', 'log', 'sqrt', 'arcsinh', 'no', 'arcsinh', 'arcsinh', 'no', 'no', 'log', 'no', 'no', 'no', 'no', 'no', 'no', 0]",4499,12,6,0.5,-261.45044944300406,f_rp_p,"['const', 'SP', 'Nlanes', 'S_Curve', 'Length']",['AADT'],,,"[6.60056590e-02 9.88201190e-01 3.47568278e-01 1.89233428e-01
 8.71795825e-01 5.81523553e-02 7.74287902e-01 1.67175651e-02
 9.07151327e-01 8.42363746e-04 9.86070078e-01 9.95779897e-01]"
516.6763433587028,716.153019881325,0.03158601373194346,"[1, 0, 1, 0, 0, 0, 1, 1, 0, 0, 2, 0, 0, 2, 0, 0, 0, 2, 0, 2, 0, 3, 1, 'uniform', 'triangular', 'uniform', 'normal', 'triangular', 'normal', 'triangular', 'normal', 'triangular', 'triangular', 'uniform', 'normal', 'triangular', 'normal', 'normal', 'triangular', 'uniform', 'triangular', 'normal', 'uniform', 'uniform', 'triangular', 'triangular', 'no', 'no', 'no', 'no', 'no', 'no', 'log', 'no', 'no', 'log', 'arcsinh', 'no', 'no', 'sqrt', 'no', 'no', 'arcsinh', 'no', 'no', 'no', 'no', 'no', 'no', 0]",5078,15,8,0.5333333333333333,-243.33817167935138,f_rp_p,"['const', 'Median', 'AADT', 'L50', 'Roll_Ter']",['Nlanes'],[],,"[6.48323754e-03 9.39648628e-01 4.00103195e-01 2.18957013e-01
 2.41198420e-03 1.98708103e-04 5.54638448e-03 2.72882462e-01
 9.78846125e-01 7.41997874e-01 9.99926715e-01 7.67164241e-01
 9.92402102e-01 9.95572221e-01 9.96884375e-01]"
545.8823841594415,638.5683900730148,0.034963742485985404,"[1, 1, 0, 0, 1, 0, 1, 0, 0, 0, 2, 0, 0, 1, 1, 0, 0, 0, 0, 0, 0, 1, 0, 'uniform', 'triangular', 'uniform', 'uniform', 'triangular', 'normal', 'uniform', 'normal', 'normal', 'triangular', 'uniform', 'triangular', 'uniform', 'normal', 'normal', 'normal', 'triangular', 'normal', 'triangular', 'uniform', 'triangular', 'triangular', 'normal', 'no', 'no', 'no', 'no', 'no', 'no', 'log', 'no', 'sqrt', 'log', 'sqrt', 'no', 'no', 'arcsinh', 'no', 'no', 'log', 'no', 'no', 'no', 'no', 'no', 'no', 0]",3371,9,3,0.3333333333333333,-263.94119207972074,f_rp_p,"['const', 'M_Curve', 'AADT', 'Nlanes']",['MCV'],,,"[3.13963948e-02 2.93013461e-01 2.66652144e-02 3.76643682e-02
 2.29818054e-02 2.53549410e-01 3.19406779e-01 1.31733484e-04
 7.09201658e-03]"
613.0828088182072,628.9781441227317,33453.68820072741,"[0, 0, 0, 0, 0, 0, 0, 0, 1, 0, 2, 0, 0, 0, 0, 0, 0, 0, 0, 0, 0, 0, 0, 'uniform', 'triangular', 'normal', 'uniform', 'triangular', 'triangular', 'normal', 'normal', 'uniform', 'uniform', 'uniform', 'triangular', 'uniform', 'normal', 'normal', 'normal', 'uniform', 'normal', 'triangular', 'normal', 'triangular', 'triangular', 'normal', 'no', 'no', 'no', 'no', 'no', 'no', 'log', 'no', 'arcsinh', 'arcsinh', 'no', 'no', 'no', 'log', 'no', 'no', 'arcsinh', 'no', 'no', 'no', 'no', 'no', 'no', 0]",3053,3,0,0.0,-303.5414044091036,f_rp_p,['SP'],['MCV'],,,[3.16890617e-97 9.25953106e-03 2.34990271e-04]
543.8165284120948,814.7854304422577,0.031187134398276195,"[1, 1, 1, 0, 1, 2, 3, 2, 0, 0, 2, 0, 0, 2, 0, 1, 0, 2, 0, 2, 0, 0, 1, 'uniform', 'normal', 'triangular', 'triangular', 'triangular', 'normal', 'uniform', 'uniform', 'normal', 'uniform', 'triangular', 'triangular', 'uniform', 'normal', 'uniform', 'normal', 'triangular', 'triangular', 'triangular', 'normal', 'triangular', 'triangular', 'uniform', 'no', 'no', 'no', 'no', 'no', 'no', 'log', 'no', 'log', 'arcsinh', 'sqrt', 'no', 'arcsinh', 'arcsinh', 'no', 'no', 'log', 'no', 'no', 'no', 'no', 'no', 'no', 0]",4118,20,11,0.55,-251.9082642060474,f_rp_p,"['const', 'RD', 'Median', 'M_Curve', 'S_Curve', 'Roll_Ter']",['Nlanes'],[],,"[0.03518138 0.5172138  0.52352316 0.60641112 0.9652338  0.01263591
 0.53439592 0.14323601 0.01004516 0.03556793 0.17765104 0.83384905
 0.09630829 0.91292617 0.99950044 0.99965082 0.7984593  0.90420515
 0.99991573 0.99767496]"
