aic,bic,MAE,layout,sol_num,num_parm,pval_exceed,pval_percentage,loglik,simple,fixed_fit,rdm_fit,rdm_cor_fit,zi_fit,pvalues
529.0964208194662,723.2746522405803,0.03326934352036691,"[1, 0, 0, 0, 0, 2, 0, 1, 0, 1, 2, 0, 0, 2, 0, 1, 0, 2, 2, 0, 0, 0, 0, 'uniform', 'triangular', 'normal', 'normal', 'triangular', 'normal', 'uniform', 'normal', 'normal', 'uniform', 'triangular', 'triangular', 'uniform', 'normal', 'normal', 'normal', 'uniform', 'triangular', 'normal', 'normal', 'triangular', 'triangular', 'uniform', 'no', 'no', 'no', 'no', 'no', 'no', 'log', 'no', 'no', 'no', 'arcsinh', 'no', 'no', 'arcsinh', 'no', 'no', 'log', 'no', 'no', 'no', 'no', 'no', 'no', 0]",3364,14,8,0.5714285714285714,-250.5482104097331,f_rp_p,"['const', 'L50', 'Lwidth', 'S_Curve']",['MCV'],,,"[1.20596306e-02 6.86784580e-01 7.25366733e-01 7.02296452e-01
 2.29873523e-01 2.67645371e-08 2.80393051e-02 1.10591950e-02
 7.42567090e-01 9.99785057e-01 5.01120281e-01 9.86499242e-01
 9.99586814e-01 9.98859864e-01]"
540.5484586609318,806.2189155895866,0.031876102101847006,"[0, 0, 0, 0, 0, 1, 2, 1, 1, 1, 2, 3, 0, 2, 0, 2, 0, 2, 0, 0, 0, 3, 0, 'triangular', 'uniform', 'normal', 'uniform', 'uniform', 'normal', 'uniform', 'uniform', 'normal', 'uniform', 'uniform', 'triangular', 'normal', 'normal', 'uniform', 'normal', 'uniform', 'normal', 'uniform', 'normal', 'uniform', 'triangular', 'uniform', 'no', 'no', 'no', 'no', 'no', 'no', 'log', 'no', 'log', 'arcsinh', 'arcsinh', 'no', 'no', 'arcsinh', 'no', 'no', 'log', 'no', 'no', 'no', 'no', 'no', 'no', 0]",3549,19,11,0.5789473684210527,-251.2742293304659,f_rp_c_p,"['ATLM', 'L50', 'SP', 'Lwidth']","['Nlanes', 'S_Curve']","['UD', 'RSMS']",,"[4.32517643e-01 6.62508537e-01 1.92378388e-01 3.56126372e-06
 3.63563929e-01 9.09792945e-03 1.42932578e-02 9.17191191e-01
 1.98222530e-01 9.99952820e-01 1.48835015e-01 9.99974946e-01
 9.99975488e-01 9.07760043e-01 9.85864261e-01 9.40878362e-01
 9.05363950e-01 7.99704288e-01 8.02191926e-01]"
539.9034930972134,713.7832794168194,0.03465685276266608,"[1, 0, 1, 0, 0, 2, 2, 3, 0, 0, 2, 0, 0, 2, 1, 0, 0, 0, 0, 0, 0, 0, 0, 'uniform', 'normal', 'triangular', 'triangular', 'triangular', 'normal', 'uniform', 'uniform', 'normal', 'uniform', 'triangular', 'triangular', 'triangular', 'normal', 'normal', 'normal', 'uniform', 'normal', 'triangular', 'normal', 'triangular', 'uniform', 'uniform', 'no', 'no', 'no', 'no', 'no', 'no', 'log', 'no', 'log', 'arcsinh', 'arcsinh', 'no', 'no', 'log', 'no', 'no', 'log', 'no', 'no', 'no', 'no', 'no', 'no', 0]",3871,13,7,0.5384615384615384,-256.9517465486067,f_rp_p,"['const', 'Median', 'Curve50']",['MCV'],[],,"[1.37802195e-08 7.73172848e-01 3.38423963e-01 3.43563063e-01
 9.60739605e-01 6.51828378e-05 4.08387192e-02 7.13066334e-01
 9.85204302e-01 9.80783048e-01 3.55297114e-01 9.73864509e-01
 9.78925325e-01]"
511.49136887308214,731.2664904972125,0.03275076070937589,"[1, 0, 0, 0, 1, 1, 3, 1, 0, 2, 2, 0, 0, 2, 0, 1, 1, 0, 0, 0, 0, 2, 0, 'uniform', 'triangular', 'normal', 'uniform', 'uniform', 'normal', 'uniform', 'normal', 'normal', 'uniform', 'uniform', 'normal', 'uniform', 'normal', 'normal', 'normal', 'uniform', 'normal', 'triangular', 'normal', 'uniform', 'uniform', 'uniform', 'no', 'no', 'no', 'no', 'no', 'no', 'log', 'no', 'arcsinh', 'no', 'arcsinh', 'no', 'no', 'log', 'no', 'no', 'log', 'no', 'no', 'no', 'no', 'no', 'no', 0]",4150,16,9,0.5625,-239.74568443654107,f_rp_p,"['const', 'M_Curve', 'ATLM', 'L50', 'S_Curve', 'Length']",['Lwidth'],['AADT'],,"[7.36918412e-07 5.51038656e-01 8.17143144e-01 7.44784186e-01
 6.79649221e-01 1.52296927e-04 6.42651705e-01 8.87543154e-03
 3.79929388e-03 9.52959419e-01 7.74904075e-02 8.80762607e-01
 9.95049462e-01 9.78272025e-01 9.83778245e-01 9.73025431e-01]"
545.8823841594415,638.5683900730148,0.034963742485985404,"[1, 1, 0, 0, 1, 0, 1, 0, 0, 0, 2, 0, 0, 1, 1, 0, 0, 0, 0, 0, 0, 1, 0, 'uniform', 'triangular', 'uniform', 'uniform', 'triangular', 'normal', 'uniform', 'normal', 'normal', 'triangular', 'uniform', 'triangular', 'uniform', 'normal', 'normal', 'normal', 'triangular', 'normal', 'triangular', 'uniform', 'triangular', 'triangular', 'normal', 'no', 'no', 'no', 'no', 'no', 'no', 'log', 'no', 'sqrt', 'log', 'sqrt', 'no', 'no', 'arcsinh', 'no', 'no', 'log', 'no', 'no', 'no', 'no', 'no', 'no', 0]",3371,9,3,0.3333333333333333,-263.94119207972074,f_rp_p,"['const', 'M_Curve', 'AADT', 'Nlanes']",['MCV'],,,"[3.13963948e-02 2.93013461e-01 2.66652144e-02 3.76643682e-02
 2.29818054e-02 2.53549410e-01 3.19406779e-01 1.31733484e-04
 7.09201658e-03]"
613.0828088182072,628.9781441227317,33453.68820072741,"[0, 0, 0, 0, 0, 0, 0, 0, 1, 0, 2, 0, 0, 0, 0, 0, 0, 0, 0, 0, 0, 0, 0, 'uniform', 'triangular', 'normal', 'uniform', 'triangular', 'triangular', 'normal', 'normal', 'uniform', 'uniform', 'uniform', 'triangular', 'uniform', 'normal', 'normal', 'normal', 'uniform', 'normal', 'triangular', 'normal', 'triangular', 'triangular', 'normal', 'no', 'no', 'no', 'no', 'no', 'no', 'log', 'no', 'arcsinh', 'arcsinh', 'no', 'no', 'no', 'log', 'no', 'no', 'arcsinh', 'no', 'no', 'no', 'no', 'no', 'no', 0]",3053,3,0,0.0,-303.5414044091036,f_rp_p,['SP'],['MCV'],,,[3.16890617e-97 9.25953106e-03 2.34990271e-04]
543.8165284120948,814.7854304422577,0.031187134398276195,"[1, 1, 1, 0, 1, 2, 3, 2, 0, 0, 2, 0, 0, 2, 0, 1, 0, 2, 0, 2, 0, 0, 1, 'uniform', 'normal', 'triangular', 'triangular', 'triangular', 'normal', 'uniform', 'uniform', 'normal', 'uniform', 'triangular', 'triangular', 'uniform', 'normal', 'uniform', 'normal', 'triangular', 'triangular', 'triangular', 'normal', 'triangular', 'triangular', 'uniform', 'no', 'no', 'no', 'no', 'no', 'no', 'log', 'no', 'log', 'arcsinh', 'sqrt', 'no', 'arcsinh', 'arcsinh', 'no', 'no', 'log', 'no', 'no', 'no', 'no', 'no', 'no', 0]",4118,20,11,0.55,-251.9082642060474,f_rp_p,"['const', 'RD', 'Median', 'M_Curve', 'S_Curve', 'Roll_Ter']",['Nlanes'],[],,"[0.03518138 0.5172138  0.52352316 0.60641112 0.9652338  0.01263591
 0.53439592 0.14323601 0.01004516 0.03556793 0.17765104 0.83384905
 0.09630829 0.91292617 0.99950044 0.99965082 0.7984593  0.90420515
 0.99991573 0.99767496]"
