aic,bic,MAE,layout,sol_num,num_parm,pval_exceed,pval_percentage,loglik,simple,fixed_fit,rdm_fit,rdm_cor_fit,zi_fit,pvalues
521.1919878142533,608.5795486263185,0.03311677690608243,"[1, 0, 0, 0, 0, 0, 0, 0, 0, 1, 2, 0, 0, 1, 0, 0, 0, 1, 0, 0, 0, 2, 0, 'uniform', 'uniform', 'uniform', 'uniform', 'normal', 'normal', 'triangular', 'normal', 'triangular', 'normal', 'normal', 'uniform', 'normal', 'normal', 'normal', 'normal', 'triangular', 'uniform', 'uniform', 'uniform', 'uniform', 'triangular', 'uniform', 'no', 'no', 'no', 'no', 'no', 'no', 'log', 'no', 'log', 'arcsinh', 'arcsinh', 'no', 'no', 'sqrt', 'no', 'no', 'log', 'no', 'no', 'no', 'no', 'no', 'no', 0]",12606,8,3,0.375,-252.59599390712663,f_rp_p,"['Lwidth', 'Nlanes', 'MCrv_RS']",['MCV'],,,"[5.98020960e-01 3.31220270e-01 9.08075301e-03 9.89088263e-03
 9.35438438e-17 6.81979021e-01 8.75455992e-03 9.72608421e-01]"
511.13806765141385,624.1225186664954,0.032651153388806094,"[1, 0, 0, 0, 0, 0, 1, 0, 1, 3, 2, 0, 0, 1, 0, 0, 0, 1, 1, 0, 0, 0, 0, 'uniform', 'uniform', 'uniform', 'triangular', 'uniform', 'normal', 'normal', 'triangular', 'triangular', 'normal', 'uniform', 'uniform', 'normal', 'normal', 'uniform', 'normal', 'normal', 'uniform', 'triangular', 'uniform', 'uniform', 'triangular', 'uniform', 'no', 'no', 'no', 'no', 'no', 'no', 'log', 'no', 'log', 'log', 'log', 'no', 'arcsinh', 'sqrt', 'no', 'no', 'no', 'no', 'no', 'no', 'no', 'no', 'no', 0]",13818,10,4,0.4,-245.56903382570692,f_rp_p,"['const', 'AADT', 'SP', 'Nlanes', 'MCrv_RS']",[],['Lwidth'],,"[2.27835746e-02 1.07629278e-01 2.90622010e-02 2.64354122e-03
 6.35190802e-02 4.89826157e-01 2.94021314e-05 6.69017568e-01
 9.99577266e-01 2.00486611e-01]"
532.5056841787634,610.1916900923368,0.03299181970407216,"[0, 0, 0, 0, 0, 0, 2, 0, 1, 0, 1, 1, 0, 3, 0, 0, 0, 1, 1, 0, 0, 0, 0, 'uniform', 'uniform', 'uniform', 'uniform', 'uniform', 'normal', 'uniform', 'normal', 'normal', 'uniform', 'normal', 'triangular', 'triangular', 'normal', 'uniform', 'triangular', 'normal', 'uniform', 'uniform', 'uniform', 'uniform', 'uniform', 'uniform', 'no', 'no', 'no', 'no', 'no', 'no', 'log', 'no', 'arcsinh', 'arcsinh', 'log', 'no', 'arcsinh', 'no', 'no', 'no', 'log', 'no', 'no', 'no', 'no', 'no', 'no', 0]",14017,9,2,0.2222222222222222,-257.2528420893817,f_rp_p,"['SP', 'MCV', 'UD', 'MCrv_RS']",[],['Nlanes'],,"[9.71667737e-010 2.17328680e-008 4.51773627e-320 4.98922496e-003
 3.41816349e-001 9.72717495e-001 6.19207338e-003 9.98370497e-001
 8.68758427e-002]"
533.1434146537623,625.8294205673357,0.030865271948792874,"[1, 1, 0, 0, 0, 0, 2, 1, 0, 0, 2, 0, 0, 1, 0, 0, 0, 1, 0, 0, 0, 0, 0, 'uniform', 'uniform', 'normal', 'uniform', 'triangular', 'normal', 'uniform', 'uniform', 'triangular', 'normal', 'uniform', 'uniform', 'normal', 'normal', 'normal', 'normal', 'triangular', 'uniform', 'uniform', 'normal', 'uniform', 'normal', 'uniform', 'no', 'no', 'no', 'no', 'no', 'no', 'log', 'no', 'log', 'arcsinh', 'sqrt', 'no', 'no', 'no', 'no', 'no', 'arcsinh', 'no', 'no', 'no', 'no', 'no', 'no', 0]",13074,9,3,0.3333333333333333,-257.57170732688115,f_rp_p,"['const', 'L50', 'Nlanes', 'MCrv_RS']",['MCV'],,,"[3.16294053e-04 7.67760484e-01 2.25351659e-01 6.45775301e-02
 9.38862913e-04 9.94109295e-03 5.47114264e-05 9.99746968e-01
 4.63530238e-02]"
537.1095968442465,665.094047859328,0.030798435033859595,"[0, 1, 0, 0, 0, 0, 2, 1, 0, 3, 2, 0, 0, 1, 0, 0, 0, 1, 0, 0, 0, 0, 0, 'uniform', 'uniform', 'uniform', 'uniform', 'uniform', 'normal', 'uniform', 'normal', 'triangular', 'triangular', 'uniform', 'triangular', 'triangular', 'triangular', 'normal', 'triangular', 'triangular', 'triangular', 'uniform', 'uniform', 'normal', 'normal', 'triangular', 'no', 'no', 'no', 'no', 'no', 'no', 'log', 'no', 'arcsinh', 'log', 'sqrt', 'no', 'arcsinh', 'sqrt', 'no', 'no', 'log', 'no', 'no', 'no', 'no', 'no', 'no', 0]",10920,10,5,0.5,-258.55479842212327,f_rp_p,"['RD', 'L50', 'Nlanes', 'MCrv_RS']",['MCV'],['Lwidth'],,"[5.31597372e-01 2.47985207e-01 5.09912909e-05 3.51700358e-03
 2.90262850e-01 1.64596392e-03 2.31642145e-01 9.37059063e-01
 9.28373684e-01 6.77845917e-01]"
522.8878802468573,559.9769959574144,0.03456286341722985,"[1, 0, 0, 0, 0, 0, 2, 0, 1, 0, 1, 0, 0, 1, 0, 0, 0, 1, 0, 0, 0, 0, 0, 'triangular', 'uniform', 'uniform', 'uniform', 'uniform', 'triangular', 'uniform', 'normal', 'triangular', 'normal', 'uniform', 'normal', 'uniform', 'normal', 'normal', 'normal', 'triangular', 'uniform', 'triangular', 'triangular', 'triangular', 'triangular', 'uniform', 'no', 'no', 'no', 'no', 'no', 'no', 'log', 'no', 'log', 'log', 'sqrt', 'no', 'arcsinh', 'sqrt', 'no', 'no', 'log', 'no', 'no', 'no', 'no', 'no', 'no', 0]",14502,7,0,0.0,-254.44394012342866,f_rp_p,"['const', 'SP', 'MCV', 'Nlanes', 'MCrv_RS']",['AADT'],,,"[7.06164440e-04 3.30426071e-03 6.12941496e-05 6.93339291e-04
 5.00467622e-02 4.54902956e-03 3.85958828e-02]"
537.0305446871886,721.5072212098107,0.030243310407784524,"[1, 1, 0, 2, 0, 0, 1, 1, 0, 0, 2, 0, 0, 2, 0, 3, 0, 1, 0, 0, 0, 2, 0, 'uniform', 'uniform', 'uniform', 'uniform', 'triangular', 'uniform', 'uniform', 'normal', 'normal', 'uniform', 'uniform', 'triangular', 'uniform', 'normal', 'normal', 'triangular', 'normal', 'uniform', 'uniform', 'uniform', 'uniform', 'triangular', 'uniform', 'no', 'no', 'no', 'no', 'no', 'no', 'log', 'no', 'no', 'log', 'sqrt', 'no', 'no', 'no', 'no', 'no', 'no', 'no', 'no', 'no', 'no', 'no', 'no', 0]",12463,15,7,0.4666666666666667,-253.5152723435943,f_rp_p,"['const', 'AADT', 'L50', 'MCrv_RS']",['Nlanes'],[],,"[5.99021438e-04 7.50715066e-01 2.24205679e-02 2.70503997e-01
 4.08366529e-03 1.38844029e-01 9.56168028e-03 6.76442259e-02
 2.76605914e-01 8.24527986e-01 7.83731704e-01 9.99647497e-01
 3.65377215e-01 9.76108019e-01 9.99970876e-01]"
