observation,beta_0,beta_1,beta_2,beta_3
1,1.0,0.5,-0.1248899961755471,1.0486829929735468
2,1.0,0.5,0.13811216163419793,1.2923404544279227
3,1.0,0.5,-0.19398618226621495,1.2141409898935418
4,1.0,0.5,0.009774250751420993,0.9899592341820461
5,1.0,0.5,0.11493896332978615,0.7436607854495954
6,1.0,0.5,0.1589089346164721,1.5325673875208188
7,1.0,0.5,-0.5048035177984647,1.1512616277207794
8,1.0,0.5,-0.3229023523401133,0.9987542393445221
9,1.0,0.5,-0.3175084458481103,0.5615150891607175
10,1.0,0.5,-0.08691263411371057,0.9398182862270186
11,1.0,0.5,-0.05864884447327734,1.323822506437979
12,1.0,0.5,-0.5200014713613875,0.7823588920285127
13,1.0,0.5,-0.13818706167640898,1.4653959438892683
14,1.0,0.5,-0.6412380809750979,1.9095103863064802
15,1.0,0.5,0.1930623510174478,1.5612404229240116
16,1.0,0.5,-0.3849778436904142,0.9619525676311873
17,1.0,0.5,-0.19610859173625164,0.8909300603393678
18,1.0,0.5,-0.2777384942584882,0.20527944409601706
19,1.0,0.5,0.11644661323144928,1.1308844355687881
20,1.0,0.5,-0.8759595859134407,1.086146699771815
21,1.0,0.5,-0.240861275520402,1.1265020982216072
22,1.0,0.5,-0.22235491155374643,1.0584325040208935
23,1.0,0.5,-0.2905450766671586,1.0564572898894082
24,1.0,0.5,0.30434775251624646,0.6955837226444879
25,1.0,0.5,-0.38660703772270666,0.8766872407711852
26,1.0,0.5,0.03240187867769126,1.3851863673865228
27,1.0,0.5,-0.10674547142701102,1.713141665085847
28,1.0,0.5,0.18590277039405417,1.2774349874695574
29,1.0,0.5,-0.3463091313964015,1.2761982951448676
30,1.0,0.5,-0.42629662028961823,1.3042041684074464
31,1.0,0.5,0.14418597537560918,1.026692617848691
32,1.0,0.5,-0.058774509290521,1.333070406030759
33,1.0,0.5,-0.6083865377256137,0.7743718596144722
34,1.0,0.5,-0.35880090198577974,1.3307646083619675
35,1.0,0.5,-0.08857555928094664,1.1974773985542206
36,1.0,0.5,0.03260029515002652,1.2739358541836416
37,1.0,0.5,-0.3599430500166784,0.8556843307481748
38,1.0,0.5,-0.912998563782091,1.3941576268802076
39,1.0,0.5,0.01580366516307735,2.0846431286173126
40,1.0,0.5,-0.45150301487424965,0.9079623794353608
41,1.0,0.5,-0.6948029199673516,1.0096796860131205
42,1.0,0.5,-0.861015952207661,1.3222592030739546
43,1.0,0.5,-0.04813098012694167,1.2203635886694049
44,1.0,0.5,-0.1479492849014179,0.9638478576407072
45,1.0,0.5,-0.16594877769140737,0.37983535091000764
46,1.0,0.5,0.13635379597107172,1.5430094386485527
47,1.0,0.5,-0.08305052567518609,1.2390320525615872
48,1.0,0.5,0.17147056625082613,0.39215503104070815
49,1.0,0.5,-0.6026655199088685,0.7239059672757973
50,1.0,0.5,-0.24787575139487603,1.5311495641154087
51,1.0,0.5,-0.622703748666505,1.551152531671749
52,1.0,0.5,-0.3276239339227989,1.2176889550608343
53,1.0,0.5,-0.26137304674418915,1.0407033982064886
54,1.0,0.5,0.0017672680051000755,1.2643871726523757
55,1.0,0.5,-0.23399683872187144,0.9180125411838177
56,1.0,0.5,0.031815980752067374,1.7227765126903585
57,1.0,0.5,0.0013996377111032965,0.8700739710058505
58,1.0,0.5,0.3902611986269884,0.9725572086341371
59,1.0,0.5,-0.3117158915141379,1.354920922314785
60,1.0,0.5,-0.39252941381326395,1.2126522746309458
61,1.0,0.5,-0.19307579119066343,1.4186734893495359
62,1.0,0.5,-0.35605763174306043,0.9985078526822854
63,1.0,0.5,0.17908215909881056,1.106603474850441
64,1.0,0.5,-0.24314194873706893,0.8601431383023339
65,1.0,0.5,-0.4001738222497402,0.9262377476545208
66,1.0,0.5,-0.3625824224016097,0.44824809570892976
67,1.0,0.5,0.009465766780579477,1.0189125354037707
68,1.0,0.5,-0.2868541460190813,0.4550589466415287
69,1.0,0.5,-0.33725639042763944,1.412354075431809
70,1.0,0.5,0.14798108908287044,1.1457355979468413
71,1.0,0.5,-0.3716337495321041,0.6216341762304795
72,1.0,0.5,-0.2527346472301771,1.381981513709924
73,1.0,0.5,-0.009308465213466233,2.0569402848988774
74,1.0,0.5,-0.5765522309219683,1.2099468754046194
75,1.0,0.5,-0.11477346556999751,0.7710942361569382
76,1.0,0.5,-0.434675590515876,2.175819691913775
77,1.0,0.5,0.018717808375178446,0.6774273650941549
78,1.0,0.5,-0.467604845789381,1.0262109849752739
79,1.0,0.5,-0.07723547624159524,1.011584592809742
80,1.0,0.5,-0.02167301800995075,1.2764078134074583
81,1.0,0.5,0.03284163377318594,1.27835614838933
82,1.0,0.5,-0.21541097650857716,0.6907577207697337
83,1.0,0.5,-0.25305802576035946,0.7813871002804117
84,1.0,0.5,-0.3572773048878234,0.9408451305015153
85,1.0,0.5,0.20171581147618578,0.8494468399849289
86,1.0,0.5,-0.389976080016404,1.0714320370011594
87,1.0,0.5,-0.4757389077098536,0.853114169096766
88,1.0,0.5,0.0029357689726222935,0.6868673779918316
89,1.0,0.5,-0.38228129934241795,1.5895597302938338
90,1.0,0.5,-0.42170807650739284,0.973238010377253
91,1.0,0.5,-0.5374376860520149,0.7265422567299196
92,1.0,0.5,-0.39750606602548466,0.8107734844482947
93,1.0,0.5,-0.18283932197477418,1.237448350086728
94,1.0,0.5,-0.1086036283841452,0.5806069651493786
95,1.0,0.5,-0.013007595353953988,1.0635742142075424
96,1.0,0.5,-0.08047954276726163,0.6968827799072773
97,1.0,0.5,-0.2496834192696765,1.692963990072631
98,1.0,0.5,-0.2562737583150166,1.2632116615665974
99,1.0,0.5,-0.05576763444277738,1.0101139984470195
100,1.0,0.5,0.18971087982370158,1.053896297663605
101,1.0,0.5,-0.11433311374555849,1.2255263115036559
102,1.0,0.5,-0.3828936732241725,1.1176438805394404
103,1.0,0.5,-0.41711300075608393,1.1843875535410875
104,1.0,0.5,-0.4948546501262859,1.2233344154324117
105,1.0,0.5,-0.014092155954659041,1.178450879889644
106,1.0,0.5,-0.0009563478308123319,1.052296437844961
107,1.0,0.5,0.04495440356170366,1.2817184924600515
108,1.0,0.5,-0.1809793842826649,0.523529078299296
109,1.0,0.5,0.16419911625502415,1.4782004701445879
110,1.0,0.5,-0.26877519994196675,1.3613424942253296
111,1.0,0.5,0.04606170095664594,0.8510236295528333
112,1.0,0.5,-0.20849057158313794,1.7681426999670768
113,1.0,0.5,-0.369658402955521,1.0777436327802754
114,1.0,0.5,0.02630324477104576,0.9718617536334972
115,1.0,0.5,-0.13851240362610162,1.27709379762336
116,1.0,0.5,-0.03413842394936266,1.4691720344799593
117,1.0,0.5,-0.15468718829893172,1.3130826134805325
118,1.0,0.5,-0.27943857916930476,0.7410896121516521
119,1.0,0.5,0.41547546286718073,1.3128208972710254
120,1.0,0.5,-0.008937164083537952,0.6933806222748733
121,1.0,0.5,0.011982124587929827,1.3884057106007002
122,1.0,0.5,-0.12778863629970336,0.5660541635446252
123,1.0,0.5,0.02217150236656462,0.8592908946094759
124,1.0,0.5,-0.06432392110435792,1.7212864386262055
125,1.0,0.5,-0.09574094011897674,1.1246500056724378
126,1.0,0.5,-0.30117841652957555,0.8127945902380943
127,1.0,0.5,-0.27317471376850205,0.7843773934840186
128,1.0,0.5,-0.9185232638463839,0.8970673628083645
129,1.0,0.5,-0.04922043064904978,0.621489806899731
130,1.0,0.5,-0.3219342364351976,1.0198491112939125
131,1.0,0.5,0.24874065134113885,1.2992702537398333
132,1.0,0.5,-0.12809018652051735,1.282844613341104
133,1.0,0.5,-0.5343650665106596,0.9379198684374821
134,1.0,0.5,-0.23673533030042282,1.0422684294924556
135,1.0,0.5,-0.39998654560788927,1.6426256920159776
136,1.0,0.5,0.002602567863542085,1.2860959767310507
137,1.0,0.5,-0.09911911590641091,0.9835032270456089
138,1.0,0.5,-0.004530809898035809,0.8696339272638617
139,1.0,0.5,-0.29836739233866927,1.6008305326697878
140,1.0,0.5,-0.21804652083356152,1.5145637728183428
141,1.0,0.5,-0.5580123379152314,0.8298790241150699
142,1.0,0.5,-0.007509412794340281,1.1859775006335525
143,1.0,0.5,0.007425816145769232,1.451549167784802
144,1.0,0.5,-0.03334994591549609,0.8806940941277455
145,1.0,0.5,-0.1788519671426692,1.169375833578808
146,1.0,0.5,-0.07314235079689695,0.6565074294479827
147,1.0,0.5,0.20326051050932237,0.4873595939877303
148,1.0,0.5,-0.24336658853457815,1.312082169940066
149,1.0,0.5,-0.29181670795719405,0.5862098288800807
150,1.0,0.5,-0.48636194774884234,1.126307023806957
151,1.0,0.5,-0.404999143653744,1.1299350482845947
152,1.0,0.5,-0.23309738090764853,0.5856078704247449
153,1.0,0.5,0.09529955256605482,1.1421094919842163
154,1.0,0.5,-0.27429376711219916,0.6377438600968826
155,1.0,0.5,-0.17120534741225646,1.8501616800478138
156,1.0,0.5,-0.22307032486535083,0.8613633380812412
157,1.0,0.5,-0.3569794461669889,0.9616043197932722
158,1.0,0.5,-0.13379902165112936,0.7125792874484589
159,1.0,0.5,-0.5780117895750807,1.2885552758350196
160,1.0,0.5,0.09765192035870077,0.9162500986275306
161,1.0,0.5,-0.35660432533095876,0.9477203957367955
162,1.0,0.5,-0.05743823208484414,1.2848782304349056
163,1.0,0.5,-0.5740304160953453,0.9407084068465144
164,1.0,0.5,-0.0016544061684320155,1.3742322396626288
165,1.0,0.5,-0.0005373688352850736,0.8509653598521589
166,1.0,0.5,-0.14416526998152548,0.4876667056763738
167,1.0,0.5,-0.40383935891181805,1.2718261013284369
168,1.0,0.5,-0.1691918390587473,0.8936671162020444
169,1.0,0.5,-0.48310578428169815,1.3572269210645778
170,1.0,0.5,-0.22217361314342352,1.195083643459976
171,1.0,0.5,0.05567264700364588,1.1667344840265634
172,1.0,0.5,0.021912527374742252,0.6000272513417351
173,1.0,0.5,-0.2220257465592703,1.683488482281854
174,1.0,0.5,-0.4535249731521153,1.0130453177245744
175,1.0,0.5,-0.04889604350046864,1.3132765249866685
176,1.0,0.5,-0.23248360790250563,0.695381163442095
177,1.0,0.5,-0.7889176077133949,1.181287341308702
178,1.0,0.5,-0.0817734583640578,0.4117115879367772
179,1.0,0.5,-0.23061589582452827,1.1845506813195692
180,1.0,0.5,0.08636903732728451,0.9326777464595079
181,1.0,0.5,-0.4866266173354702,1.0717897135031416
182,1.0,0.5,-1.006250825592539,1.3080662936649174
183,1.0,0.5,-0.13331724540671014,0.6593462610938827
184,1.0,0.5,-0.1031370049252036,0.9323441219984306
185,1.0,0.5,-0.5789420531949868,1.3912410595002462
186,1.0,0.5,-0.47711314780906494,1.7369127320641216
187,1.0,0.5,0.4286443931605182,0.8711910545601098
188,1.0,0.5,-0.328504874150606,1.150590979436911
189,1.0,0.5,-0.04162040196569233,0.9894795473702929
190,1.0,0.5,-0.38026102273292134,1.7269977604922284
191,1.0,0.5,-0.761075528023162,0.37297300663254207
192,1.0,0.5,-0.3073703949114711,0.9386998659967911
193,1.0,0.5,-0.2892071814452357,0.46264146413215046
194,1.0,0.5,-0.29089822866139425,0.24991394332924488
195,1.0,0.5,-0.19890873558481986,1.2933661384665704
196,1.0,0.5,-0.16180408474400693,1.0652107706853624
197,1.0,0.5,-0.25817912892062334,0.9383573984687144
198,1.0,0.5,-0.5623364574292065,0.9238273221589898
199,1.0,0.5,-0.0800257606282541,2.1796889263687236
200,1.0,0.5,-0.7297643705401465,0.8823744065603758
201,1.0,0.5,-0.6839329736589901,1.3645126984237061
202,1.0,0.5,-0.10449820092131357,0.6048423393450251
203,1.0,0.5,-0.09122641558878389,1.1493869503963416
204,1.0,0.5,-0.19929347430892186,1.0617843146092953
205,1.0,0.5,-0.5396704003726427,0.9838937084929703
206,1.0,0.5,-0.24232605196949397,2.140569535867188
207,1.0,0.5,-0.2481966856932306,1.5644847407997047
208,1.0,0.5,-0.6491762219856289,0.9972531370634292
209,1.0,0.5,-0.3895303768602618,0.27920618535625086
210,1.0,0.5,-0.12572973212915262,0.707209821841633
211,1.0,0.5,0.15279635360746607,2.033969685147265
212,1.0,0.5,-0.3465114910146756,0.8943100081259884
213,1.0,0.5,0.0348916023570327,1.6234346915528046
214,1.0,0.5,-0.7059920313766436,1.52224879949408
215,1.0,0.5,-0.04097548551135943,1.1591224831803044
216,1.0,0.5,-0.4327649957520904,0.7100287526354863
217,1.0,0.5,-0.03622102823034089,0.5084683866539889
218,1.0,0.5,-0.27800024286582287,1.2912707080954475
219,1.0,0.5,0.22173135461991866,1.0897189555336384
220,1.0,0.5,-0.3779013239790662,1.2837754224784321
221,1.0,0.5,-0.018995089242772906,0.7348728902440307
222,1.0,0.5,-0.2514402084582574,1.0624768329330574
223,1.0,0.5,-0.21988650459160336,1.1708712639478063
224,1.0,0.5,-0.3423471022570829,0.9048568664636628
225,1.0,0.5,-0.4253624458310661,0.6679797253040416
226,1.0,0.5,-0.1612668429174518,1.6456925277441217
227,1.0,0.5,-0.21810691470416063,0.8837522478226941
228,1.0,0.5,-0.20994943023849644,0.303157211820828
229,1.0,0.5,-0.1814939361056578,1.0539811354261674
230,1.0,0.5,0.08470391321583365,1.3676471855975847
231,1.0,0.5,0.09322173978857815,1.343240058940324
232,1.0,0.5,-0.46575603092525186,1.567445739884873
233,1.0,0.5,0.06476558900059709,1.1599602987011624
234,1.0,0.5,-0.5149094577958662,1.0031570784157222
235,1.0,0.5,-0.13822960730690217,0.45830472854440957
236,1.0,0.5,-0.09128860323076052,1.2485238277913309
237,1.0,0.5,-0.5996847844902161,1.398941487703566
238,1.0,0.5,-0.19045484245911276,0.9118913331726476
239,1.0,0.5,-0.3292932273088298,0.3968562603808351
240,1.0,0.5,-0.40468322429758774,1.5605685388280486
241,1.0,0.5,0.23291991215340171,0.9559325008763311
242,1.0,0.5,-0.28212183939125157,1.1369465340249125
243,1.0,0.5,-0.2906552206071057,1.5582376138938214
244,1.0,0.5,-0.18902852551872917,0.6573479434241521
245,1.0,0.5,-0.013821338988041137,0.621615250923464
246,1.0,0.5,-0.31124427397357124,0.12912196364164863
247,1.0,0.5,0.16543935772322677,1.573889097434714
248,1.0,0.5,-0.1256450620723741,0.7340178816555971
249,1.0,0.5,-0.733714051744726,2.1570608669300597
250,1.0,0.5,-0.3872318672583942,0.5873803478842679
251,1.0,0.5,-0.36990386617485954,0.6891621177890732
252,1.0,0.5,-0.12202288319512944,0.7765230957426545
253,1.0,0.5,-0.8865980271273188,1.0939158401970985
254,1.0,0.5,0.41029629202198165,0.8545604259527944
255,1.0,0.5,-0.09465691602270132,1.2320759556621177
256,1.0,0.5,-0.12111410343156187,0.8824941502710171
257,1.0,0.5,0.04014878945166056,0.45071347957836866
258,1.0,0.5,0.39694058455384956,0.5037060552588924
259,1.0,0.5,0.07858461876237874,0.504442914067815
260,1.0,0.5,0.011543455892235238,0.8416963885067207
261,1.0,0.5,-0.20322343842128449,0.8869690570502321
262,1.0,0.5,-0.2469076696007496,0.8444183466038482
263,1.0,0.5,-0.25996260058318976,1.7121508102696132
264,1.0,0.5,-0.3968226163809676,1.5589267180058508
265,1.0,0.5,-0.39831423965525425,0.9031368102032845
266,1.0,0.5,-0.5134451585263438,0.544709108061019
267,1.0,0.5,-0.27408247016307696,0.736309389705268
268,1.0,0.5,-0.5870989187844493,0.9922664386954707
269,1.0,0.5,-0.13184050357898391,0.9312938593579448
270,1.0,0.5,-0.22447307556752963,0.8096271129647818
271,1.0,0.5,-0.2051954653256896,0.7455001167292329
272,1.0,0.5,-0.374866938619171,0.8317082960932656
273,1.0,0.5,0.5959559593624214,0.9577832158664417
274,1.0,0.5,0.20147800016953135,1.3572599533923164
275,1.0,0.5,-0.5430010123726204,1.1305328885123822
276,1.0,0.5,-0.11886364296570123,0.8500322250188512
277,1.0,0.5,-0.4563528866644343,1.2318188113121513
278,1.0,0.5,-0.48285081820971343,0.6692855347572051
279,1.0,0.5,-0.5365709644245288,0.5291109452339968
280,1.0,0.5,-0.1374299981592782,1.096819812430493
281,1.0,0.5,-0.41717037750687325,0.6734311967365417
282,1.0,0.5,0.00856752818285672,1.112285081294753
283,1.0,0.5,0.06305519004892843,0.30254489886377034
284,1.0,0.5,0.13411214538254365,1.5592602267581173
285,1.0,0.5,-0.5250082531847745,0.999568007815395
286,1.0,0.5,-0.18719360495875073,0.25672818489768956
287,1.0,0.5,-0.07222970473228355,0.49139822997522375
288,1.0,0.5,-0.2956602144733136,1.7539460543421677
289,1.0,0.5,-0.5303182314844805,0.4297913073669294
290,1.0,0.5,0.17739365763641168,0.7330757765208371
291,1.0,0.5,-0.1694384238928576,0.227944588570138
292,1.0,0.5,0.02840882658835689,1.1854782947707232
293,1.0,0.5,-0.42477009354262507,0.9625448630505571
294,1.0,0.5,-0.485671667393502,1.407870931580459
295,1.0,0.5,-0.33529958661865444,0.6315111211485531
296,1.0,0.5,-0.3375336708378593,0.2483146507447066
297,1.0,0.5,-0.42764464087275034,1.3730680046665273
298,1.0,0.5,-0.1916913768897813,1.484665000747916
299,1.0,0.5,-0.5967128650333955,0.6263369730599293
300,1.0,0.5,-0.2836999702956517,2.0674655861703584
301,1.0,0.5,-0.13647783490571064,0.8005227035955993
302,1.0,0.5,0.037182462557528995,1.7408363661402921
303,1.0,0.5,-0.31234156731673435,1.032305745558781
304,1.0,0.5,-0.44007463204908776,0.260302064539669
305,1.0,0.5,-0.4591265001465648,1.0399845793942002
306,1.0,0.5,-0.3145288781552307,1.407414886525238
307,1.0,0.5,-0.06736202350061507,0.7017139540848862
308,1.0,0.5,0.048536859614731614,1.013638571218343
309,1.0,0.5,-0.3999916187040762,0.8107772192564058
310,1.0,0.5,-0.45084414812010765,0.1977570171742964
311,1.0,0.5,-0.15384881077767937,1.6225424906703285
312,1.0,0.5,-0.46238720960848023,0.6150081111799353
313,1.0,0.5,-0.3520638026150913,1.2095054726661076
314,1.0,0.5,0.19417648345238805,1.258226984877513
315,1.0,0.5,-0.01998789720936911,1.4598664066733427
316,1.0,0.5,-0.14258374102665605,1.2958876855812715
317,1.0,0.5,-0.5545275640639544,0.908133063610338
318,1.0,0.5,-0.10925476563615427,0.9009579951067949
319,1.0,0.5,0.09993970963639184,1.4820739063022792
320,1.0,0.5,-0.2014779747765633,0.7215868686103458
321,1.0,0.5,0.129000325221718,1.2997270552716802
322,1.0,0.5,0.1566190626174471,0.8156325576694807
323,1.0,0.5,0.2208365850128156,1.5530094126156657
324,1.0,0.5,-0.05889562927401103,1.3508356072113956
325,1.0,0.5,-0.08909369442893345,1.2176184606062286
326,1.0,0.5,0.1907970877266366,1.2404468817702439
327,1.0,0.5,-0.09788638053859018,0.45746342228314896
328,1.0,0.5,-0.32851793580297806,0.7891165662453568
329,1.0,0.5,-0.30754808490954666,1.3490991408312398
330,1.0,0.5,-0.12774924173523133,1.196165595539947
331,1.0,0.5,-0.5284518076426525,1.4959121103886917
332,1.0,0.5,-0.2250790696825218,1.273353074538589
333,1.0,0.5,0.15304268243567268,0.998372046888397
334,1.0,0.5,-0.6985409785105593,0.9691950046400608
335,1.0,0.5,0.22707825507347357,1.2663942755576674
336,1.0,0.5,0.05781657837459636,0.22175364799638253
337,1.0,0.5,-0.35940319536903526,1.552318535733796
338,1.0,0.5,-0.01638726512015995,1.397906441467808
339,1.0,0.5,-0.15541072864692862,1.6608691278465746
340,1.0,0.5,0.18113112589721989,0.7676892220794381
341,1.0,0.5,0.015471754394023818,1.4450007122289552
342,1.0,0.5,-0.5614951135637696,1.84659232055566
343,1.0,0.5,-0.13515860476022754,0.3917699512391238
344,1.0,0.5,-0.27103051871385553,1.3111199623071874
345,1.0,0.5,-0.12946333184150263,1.2498740572274696
346,1.0,0.5,-0.4053677442038638,0.4894738462288849
347,1.0,0.5,0.26905825704025005,1.368581359428278
348,1.0,0.5,0.05049029967575344,1.3631856557934003
349,1.0,0.5,-0.3687399395821638,0.9382142607991377
350,1.0,0.5,-0.5910372212183415,1.3359170736169779
351,1.0,0.5,-0.292157685262767,0.529414225068866
352,1.0,0.5,-0.24093113702220975,0.12816495310751608
353,1.0,0.5,-0.14929334692154347,1.1197746647317657
354,1.0,0.5,0.031759544006303875,0.8643138607330242
355,1.0,0.5,0.05777965637255389,1.0300984565335856
356,1.0,0.5,0.08126262407645227,1.4999691555048367
357,1.0,0.5,-0.09495260074908658,1.3558136572704944
358,1.0,0.5,-0.47127437119477855,1.6284996089008126
359,1.0,0.5,-0.2963704588279672,0.9145647695029808
360,1.0,0.5,0.15239059487294432,1.573007573479753
361,1.0,0.5,-0.16627115391814226,1.0838511285785597
362,1.0,0.5,-0.0860551722050106,1.7833532484474666
363,1.0,0.5,-0.22290607145238603,0.9859520025347466
364,1.0,0.5,-0.512767637756043,1.6709100734486642
365,1.0,0.5,-0.2720617240879113,0.9885336572521419
366,1.0,0.5,-0.1531676254038215,0.5272827301649852
367,1.0,0.5,-0.39037081526856166,1.4994811164614081
368,1.0,0.5,-0.31175569335217973,0.9855818395241978
369,1.0,0.5,-0.3737116571417294,1.581355894497382
370,1.0,0.5,0.06686850937253241,1.489521411434433
371,1.0,0.5,-0.2559886909791645,1.271160189204291
372,1.0,0.5,0.13467131796086176,0.8071629993534628
373,1.0,0.5,0.09115679760780127,1.16840918710196
374,1.0,0.5,-0.20675862326086483,1.1407730313678217
375,1.0,0.5,-0.5477249319078262,1.0532119901999801
376,1.0,0.5,-0.7249061717376077,0.3358991922601683
377,1.0,0.5,-0.6364250201983384,1.0511963451285267
378,1.0,0.5,-0.4440949062631246,1.1745863610838607
379,1.0,0.5,0.19018554297411228,1.815362781338694
380,1.0,0.5,-0.16575616362968942,1.3339436404519054
381,1.0,0.5,-0.039413535094269606,1.3735062126954543
382,1.0,0.5,-0.7974210511070683,1.1432611010527172
383,1.0,0.5,-0.47231763837081076,0.8320676082936627
384,1.0,0.5,0.031760465797507464,1.6981114067426257
385,1.0,0.5,-0.11510546783766995,1.836582658645967
386,1.0,0.5,-0.1731836446660609,1.428372753707891
387,1.0,0.5,-0.022164805210979244,1.7665150644177439
388,1.0,0.5,0.22338563467520492,0.9441066798883667
389,1.0,0.5,-0.33800498769567744,0.5727771363870124
390,1.0,0.5,-0.2306598640994558,0.9703167177632035
391,1.0,0.5,-0.1579862169969599,1.233823023389406
392,1.0,0.5,0.4026960275323307,0.9761105177064054
393,1.0,0.5,-0.7813492523384525,1.1186883079278807
394,1.0,0.5,0.09138958747612311,1.568987820062458
395,1.0,0.5,-0.15288085942708723,0.9780517369361668
396,1.0,0.5,-0.02820115243433091,1.3718953041669748
397,1.0,0.5,-0.36074129543449385,1.4130404140750943
398,1.0,0.5,-0.22285170620967013,1.128182915671464
399,1.0,0.5,-0.06974327813473799,1.360639067138257
400,1.0,0.5,0.5821015761869034,0.6855307500538963
401,1.0,0.5,0.014896674357655404,1.3024455287675607
402,1.0,0.5,-0.4741044282817084,0.5041376664388852
403,1.0,0.5,-0.2892310996434309,0.7601979872051541
404,1.0,0.5,-0.32111647953720096,0.8558853508680612
405,1.0,0.5,-0.7443011710513733,0.48410780206740567
406,1.0,0.5,-0.3255417984643344,0.7791437118236766
407,1.0,0.5,-0.03747300621564595,0.9630065612378373
408,1.0,0.5,-0.4241736469021892,1.6761572188170129
409,1.0,0.5,0.08994831898933603,1.071077305133068
410,1.0,0.5,-0.14483037318391,0.3447087672656589
411,1.0,0.5,-0.3592565160218776,1.5719291896859517
412,1.0,0.5,-0.31274760878138014,0.5749228548939813
413,1.0,0.5,0.25371500460461194,1.2418515085964408
414,1.0,0.5,-0.04016927921442745,1.1856190796565673
415,1.0,0.5,-0.20248589571242157,1.1558182181300982
416,1.0,0.5,-0.19313099686313656,1.681832338763845
417,1.0,0.5,-0.24520591081629758,1.0745765648998282
418,1.0,0.5,-0.3977967987412254,0.5889739193390635
419,1.0,0.5,-0.7553673427470539,1.774956861945181
420,1.0,0.5,0.36246342018464855,1.3237735398212793
421,1.0,0.5,-0.23713605397399173,0.8205290093609465
422,1.0,0.5,-0.24207096362489416,1.0125505583528644
423,1.0,0.5,-0.2370348803896771,1.1196340023141755
424,1.0,0.5,-0.35619216018560096,1.3224909875154025
425,1.0,0.5,-0.1864680327502512,2.152303661971065
426,1.0,0.5,-0.6230067586528477,0.9342332957979239
427,1.0,0.5,0.348700294157526,0.927069696026511
428,1.0,0.5,-0.4509329628928116,1.3138875893427244
429,1.0,0.5,-0.5514786559465659,1.1945693224990503
430,1.0,0.5,-0.32949083985575056,0.5144349731559089
431,1.0,0.5,0.13154012570934728,0.44061902147198184
432,1.0,0.5,-0.17391181412008472,0.9618924634757037
433,1.0,0.5,-0.5345242836671598,0.45165596035061717
434,1.0,0.5,0.11530664077462696,0.9564751801219027
435,1.0,0.5,-0.14166621097427912,0.9026257906333032
436,1.0,0.5,-0.0983036813125793,0.6895006359066307
437,1.0,0.5,0.0016089959204334814,0.6686370050097004
438,1.0,0.5,0.3494757734328787,0.9769239014621699
439,1.0,0.5,0.34922293483850797,1.410737852853749
440,1.0,0.5,-0.3493352107106889,0.5737901716395902
441,1.0,0.5,0.18884378815989983,1.3356989592784299
442,1.0,0.5,-0.09568476401044634,1.4116267369578999
443,1.0,0.5,-0.12336267422979326,1.2895199009621279
444,1.0,0.5,-0.6333982718956345,1.4954763832506832
445,1.0,0.5,-0.21208563286758783,1.962237299069249
446,1.0,0.5,-0.3953572495357195,0.9989137271285958
447,1.0,0.5,-0.022311859754869434,1.05037036259266
448,1.0,0.5,0.07898094531524091,0.9878790090068101
449,1.0,0.5,-0.6828910982222469,1.2078833642600266
450,1.0,0.5,-0.3080057799299415,1.3290144826860875
451,1.0,0.5,0.13841907944635795,0.8031060403676507
452,1.0,0.5,-0.2634824775124148,0.7481944039398878
453,1.0,0.5,0.0035404079126026278,1.645836817762631
454,1.0,0.5,-0.052346286910967585,1.6365998159625157
455,1.0,0.5,-0.1831686268733667,0.7671528690294528
456,1.0,0.5,-0.30330079463845167,1.29262455002812
457,1.0,0.5,-0.5185726358277126,1.176143240490856
458,1.0,0.5,-0.5195702129124783,1.5075330849816815
459,1.0,0.5,0.06408495740566977,1.3863188442148917
460,1.0,0.5,-0.23797404081161885,1.330455425781385
461,1.0,0.5,-0.2624054001261495,1.9413721517493872
462,1.0,0.5,-0.2957530590004393,1.3399930590070597
463,1.0,0.5,-0.33640468767399234,0.9369424291167819
464,1.0,0.5,0.04194391303422168,1.2935043380639033
465,1.0,0.5,-0.2679383574044979,1.0197696888161667
466,1.0,0.5,-0.5519091985445177,1.8858596362762796
467,1.0,0.5,-0.018756399059954076,1.1490168343586014
468,1.0,0.5,-0.2776857715885978,0.925073521053815
469,1.0,0.5,-0.26787454907584424,0.5803383018658723
470,1.0,0.5,0.21797423716683956,1.5322660487631392
471,1.0,0.5,-0.1173934857552647,1.6667555552367948
472,1.0,0.5,-0.12678400018114672,0.9286862146225832
473,1.0,0.5,-0.48346766696220383,1.3355475883799803
474,1.0,0.5,-0.22028122533189703,0.6759138243930292
475,1.0,0.5,-0.11108501352518466,0.9743401267935998
476,1.0,0.5,-0.5037177005538302,1.5138419219462838
477,1.0,0.5,-0.1396722868999325,1.7279147528091485
478,1.0,0.5,-0.09320938688434295,1.074991953908325
479,1.0,0.5,-0.2263297858793396,0.5426216305905881
480,1.0,0.5,0.15019282079245205,1.0593095020599093
481,1.0,0.5,-0.07763259658613045,0.7484743489949955
482,1.0,0.5,0.19716997888172894,1.650786088093498
483,1.0,0.5,-0.43669615618085167,1.677127421411385
484,1.0,0.5,-0.17844528909913543,1.1747965095709227
485,1.0,0.5,-0.11885672047881948,1.7075329797608827
486,1.0,0.5,-0.46029562994636763,1.1679394136802894
487,1.0,0.5,-0.05927973465652109,0.771650467766659
488,1.0,0.5,0.3253090033778544,0.8158588640751331
489,1.0,0.5,-0.2135438062305951,0.96348629018894
490,1.0,0.5,-0.05824477877328049,0.6047693027666724
491,1.0,0.5,-0.18169980549116296,1.1840008939275843
492,1.0,0.5,-0.3174476279871108,1.2687287498941342
493,1.0,0.5,-0.7527451626524353,1.0682109738214627
494,1.0,0.5,-0.36926397394858324,1.1542714142292874
495,1.0,0.5,-0.6388885565072906,0.7703568206427448
496,1.0,0.5,0.2640111342889879,0.9090392838199545
497,1.0,0.5,-0.2335003592029099,1.1110848257213162
498,1.0,0.5,-0.26549933366058676,1.4213245265892744
499,1.0,0.5,-0.02090569183253682,0.5702489090321838
500,1.0,0.5,-0.41646452913108445,1.3225355535369214
501,1.0,0.5,-0.3396297762981955,1.337823732644147
502,1.0,0.5,-0.15380471753725034,0.9362089711853905
503,1.0,0.5,0.05071638551269814,0.8748227062526839
504,1.0,0.5,-0.04558587444304632,1.2676923898624448
505,1.0,0.5,-0.17326334277039687,0.5972687583994796
506,1.0,0.5,-0.1376927832399603,1.3508066491903943
507,1.0,0.5,-0.017466991402110124,1.0340481033678681
508,1.0,0.5,-0.09605624571872703,1.6325903765585037
509,1.0,0.5,-0.4939731921846044,1.8087993404147935
510,1.0,0.5,-0.170409328728057,0.8529477169953286
511,1.0,0.5,-0.5330792419173704,1.0930015202673389
512,1.0,0.5,-0.15110984871601027,0.9314988799676447
513,1.0,0.5,-0.2976318147289334,1.531924472758607
514,1.0,0.5,0.3413545887191072,0.3766871058903502
515,1.0,0.5,-0.2680627881335461,1.0939377888628448
516,1.0,0.5,-0.5652168364025856,0.7519830270771615
517,1.0,0.5,-0.24858804002627244,0.9824264317444471
518,1.0,0.5,-0.13063416036146824,0.5577196133856217
519,1.0,0.5,0.2377899230057401,1.4461694742163413
520,1.0,0.5,-0.334789419537654,0.8447779172872214
521,1.0,0.5,-0.6053204501048359,1.2640471209693618
522,1.0,0.5,-0.03358032215017284,0.8661969650844291
523,1.0,0.5,-0.49271432015408456,1.2172407388328825
524,1.0,0.5,-0.22626850472245646,1.4000256345532893
525,1.0,0.5,-0.28858319557007533,0.7608271423424225
526,1.0,0.5,-0.24801670918276808,1.0818034521660873
527,1.0,0.5,-0.0031485024608162715,1.7092982473358433
528,1.0,0.5,-0.3888100395589462,0.7739624179965021
529,1.0,0.5,-0.2754021730748519,1.4892239700463605
530,1.0,0.5,-0.16658493065111352,1.735282144479425
531,1.0,0.5,-0.2580683149956676,0.5279423407140907
532,1.0,0.5,-0.10962809008038585,0.7884762369462073
533,1.0,0.5,-0.08736452997788799,1.216588393709519
534,1.0,0.5,-0.009614779817674668,0.8466833953472676
535,1.0,0.5,-0.10630317879833041,1.7406260035738335
536,1.0,0.5,-0.08848215137166945,1.106547042428019
537,1.0,0.5,-0.6821158568588657,0.5595500116709486
538,1.0,0.5,-0.11269616383591806,0.9227349052638867
539,1.0,0.5,-0.07805683138606691,1.4876655805223833
540,1.0,0.5,0.004385405164981315,0.966535928637641
541,1.0,0.5,-0.32551020502974637,1.2580725453972563
542,1.0,0.5,-0.41581794160017627,1.2813565921553232
543,1.0,0.5,-0.3198515738691381,1.0015303616794937
544,1.0,0.5,-0.07927857957210382,1.0437787463061248
545,1.0,0.5,0.10080880249187685,1.2212166728445921
546,1.0,0.5,-0.40822639784047515,1.0200794659779078
547,1.0,0.5,0.022035863394698818,1.2918963723924237
548,1.0,0.5,-0.1992710804980495,0.9325370956932159
549,1.0,0.5,-0.2094582967589013,1.1871166141189047
550,1.0,0.5,-0.22934384808608213,1.0403839740720093
551,1.0,0.5,-0.04872845359056199,0.47669177335489044
552,1.0,0.5,-0.15421423901203465,1.0833342204629388
553,1.0,0.5,0.3634230884840429,1.7456673110079741
554,1.0,0.5,-0.4578882721150914,0.656201966660847
555,1.0,0.5,-0.028375389719899696,0.9557371559568729
556,1.0,0.5,-0.3507606124752505,0.7398641998575736
557,1.0,0.5,-0.562671157713243,0.9175588896548468
558,1.0,0.5,-0.2214578870898333,1.200746600475483
559,1.0,0.5,-0.21758907119043963,0.8887302345276443
560,1.0,0.5,0.44797959799197584,0.5340019561072205
561,1.0,0.5,-0.3079077858319291,0.9467178813405877
562,1.0,0.5,-0.47707425877952236,0.5687935262074142
563,1.0,0.5,-0.06531527921399201,1.3494954226373574
564,1.0,0.5,-0.7030007856933431,1.452011206210524
565,1.0,0.5,-0.2533143650618534,0.571104793945852
566,1.0,0.5,-0.17319846966767474,0.6320042323852232
567,1.0,0.5,-0.02430441977464673,1.5839397155603518
568,1.0,0.5,0.00867554389880451,0.7816940707989237
569,1.0,0.5,-0.38361053813857854,1.3244273458453901
570,1.0,0.5,-0.3252449439950692,0.7833264961680011
571,1.0,0.5,-0.41102639298064,0.9848272580866188
572,1.0,0.5,-0.47411296420591686,1.2771524683118456
573,1.0,0.5,-0.12735748865558583,0.7761068496365124
574,1.0,0.5,-0.5391947335465177,1.0839789610313724
575,1.0,0.5,-0.3509440281778048,0.8246167957070504
576,1.0,0.5,-0.41838118039056094,0.7290642235609843
577,1.0,0.5,-0.12843579942476432,1.020548938162252
578,1.0,0.5,0.28915892050879577,1.1242464546692508
579,1.0,0.5,-0.575507846647169,0.8947087572053437
580,1.0,0.5,-0.700876382592044,0.5635783842020896
581,1.0,0.5,-0.3045609808683007,1.4369723501246299
582,1.0,0.5,-0.22114565835484223,1.3316396432022952
583,1.0,0.5,-0.09656955038677661,1.5837514282318894
584,1.0,0.5,-0.28579872438638837,1.0704385674120047
585,1.0,0.5,-0.2012387191049562,0.6415493054780081
586,1.0,0.5,-0.08201527006815265,1.861842465761419
587,1.0,0.5,0.004924231734691309,0.9130653979183907
588,1.0,0.5,-0.7053016537959486,0.7883016877438476
589,1.0,0.5,-0.3312448162137387,1.1288506817014705
590,1.0,0.5,-0.0800190563127821,1.70807851140701
591,1.0,0.5,-0.48933345847399956,0.9124140084061401
592,1.0,0.5,0.27747729241128044,1.6815559621871476
593,1.0,0.5,-0.3142047765517458,1.6129930589972195
594,1.0,0.5,-0.11884216166601633,0.9977096146666927
595,1.0,0.5,-0.08147880542090216,0.8027204741247588
596,1.0,0.5,-0.3122050892214655,1.5419863310849429
597,1.0,0.5,-0.5475606701241621,0.4928333781471731
598,1.0,0.5,-0.3380457155758181,0.9550442558521994
599,1.0,0.5,-0.019391873394857817,0.36895304230151105
600,1.0,0.5,-0.3782242833916728,0.6512046644121019
601,1.0,0.5,-0.37597297392167806,1.1023197731689782
602,1.0,0.5,-0.06273945802724878,0.6921419365235848
603,1.0,0.5,-0.3013096766526593,0.8508607038198986
604,1.0,0.5,-0.30567454406060623,0.7815967006857593
605,1.0,0.5,-0.1533772007426769,1.9299452739110272
606,1.0,0.5,0.013959795613905479,1.8174284310840987
607,1.0,0.5,0.4065428757231792,0.7266204412804291
608,1.0,0.5,0.07075231758002545,1.8455707349532573
609,1.0,0.5,0.04234417256014622,0.817339621223682
610,1.0,0.5,-0.3603413066698904,1.043666344897319
611,1.0,0.5,-0.49509999875591026,0.9619551972454559
612,1.0,0.5,-0.14290757200208873,0.9936167473405035
613,1.0,0.5,-0.12818759176534777,1.579408108521411
614,1.0,0.5,-0.44706691937522386,1.2117440835996065
615,1.0,0.5,-0.1846489491315068,1.1107310519067548
616,1.0,0.5,-0.15907264293903628,0.4666875645633775
617,1.0,0.5,-0.026540445667923088,1.0373253619309786
618,1.0,0.5,0.0022338944316810383,0.754002752796105
619,1.0,0.5,-0.09047771760335191,1.2146215415321713
620,1.0,0.5,-0.23766221937896093,0.9484368790161205
621,1.0,0.5,-0.41130631704609943,0.7585603394668445
622,1.0,0.5,-0.5259602563116016,1.500868428324232
623,1.0,0.5,0.20942858676217613,1.4094593314202621
624,1.0,0.5,-0.16056344265730957,1.1969249856276853
625,1.0,0.5,-0.3087203009288202,0.9119992349095758
626,1.0,0.5,-0.3943232628962404,1.8715803646979756
627,1.0,0.5,0.6024412827817802,1.487845063725056
628,1.0,0.5,-0.4335718630515239,1.089548174055817
629,1.0,0.5,-0.29302443021844327,0.6434563125570671
630,1.0,0.5,-0.14543445797352234,1.0896746252225478
631,1.0,0.5,-0.09228930687019879,1.2632356754851972
632,1.0,0.5,0.10196395906875438,1.0663648022147247
633,1.0,0.5,0.29086957713758244,1.3188233148841113
634,1.0,0.5,-0.07541156210369909,0.9668964188731082
635,1.0,0.5,-0.4849031772799614,0.9729022284154655
636,1.0,0.5,-0.3655266749360142,-0.07460890111352247
637,1.0,0.5,-0.17658452780575068,0.8617486458966869
638,1.0,0.5,0.41262746473344214,1.7259921189137775
639,1.0,0.5,-0.6134741481561976,0.6869407699013347
640,1.0,0.5,0.11011811736736093,1.1468062020585228
641,1.0,0.5,-0.10464920895363586,0.9865338486371077
642,1.0,0.5,-0.053288499592744426,1.0379161865021267
643,1.0,0.5,-0.21626315541992883,1.0519234520795018
644,1.0,0.5,-0.36371238065604883,0.9119527913878958
645,1.0,0.5,-0.011656839054304452,1.5682679119688823
646,1.0,0.5,0.1070279095597437,1.8553866630862905
647,1.0,0.5,-0.04041572150897929,0.6379927437934096
648,1.0,0.5,-0.15038973235046488,1.433035187778804
649,1.0,0.5,-0.3585955926997856,1.2621739403776635
650,1.0,0.5,-0.5511007410141266,1.440593455479413
651,1.0,0.5,0.026908674619813888,0.5732065091566096
652,1.0,0.5,-0.1306854392445033,1.3423388597949202
653,1.0,0.5,-0.4299958385930228,0.934954821844895
654,1.0,0.5,-0.4275384908940704,0.6960750055858136
655,1.0,0.5,-0.2865273279592904,2.113745738376779
656,1.0,0.5,-0.5558381846960783,1.250379453150933
657,1.0,0.5,-0.3724875907191283,1.060586158889954
658,1.0,0.5,-0.43055167294723096,0.4868647182985054
659,1.0,0.5,-0.2847387609614986,1.641560422912681
660,1.0,0.5,-0.37726990359247686,0.6513900281867306
661,1.0,0.5,-0.6508046470497517,0.61663613327598
662,1.0,0.5,0.2700365194599178,0.8771935807718952
663,1.0,0.5,0.17247191376617427,1.773754320121702
664,1.0,0.5,-0.32293808509469746,1.5860843061889125
665,1.0,0.5,-0.14380017265220021,1.009040306109101
666,1.0,0.5,-0.09333359018201255,1.2148026343615783
667,1.0,0.5,0.05254074494368091,0.7541728512460482
668,1.0,0.5,-0.34601341440164735,1.3247923181379895
669,1.0,0.5,0.1062975371801955,1.2254803842261148
670,1.0,0.5,-0.2399154542285463,1.730252078958036
671,1.0,0.5,-0.5778817549011402,1.3067638812766715
672,1.0,0.5,-0.03786625512228653,1.2161908989192431
673,1.0,0.5,0.13426190215688566,1.0078952432377002
674,1.0,0.5,0.4793017202689597,1.4566112336954098
675,1.0,0.5,-0.510714698149935,1.0354608911967889
676,1.0,0.5,-0.0689181332524878,0.5903858073823485
677,1.0,0.5,-0.2583799345022047,1.091060402169707
678,1.0,0.5,0.0318964457582869,1.237754748706351
679,1.0,0.5,-0.6134360928359989,1.281134409198102
680,1.0,0.5,-0.4479203038693662,1.239081559910821
681,1.0,0.5,-0.3354587703317907,0.8523102574456285
682,1.0,0.5,-0.17354416372058923,1.1400040637410558
683,1.0,0.5,-0.356290423515787,1.1516492933761988
684,1.0,0.5,-0.007533525465849705,1.2481518357833497
685,1.0,0.5,0.013638501051665697,1.2926995700456119
686,1.0,0.5,-0.048604040730456904,1.461127855906077
687,1.0,0.5,0.097077732684758,0.5691686629750397
688,1.0,0.5,-0.052220560361017465,1.01581813650831
689,1.0,0.5,-0.5822988387071347,0.5017064677993056
690,1.0,0.5,0.21601511980603494,1.5700984588625166
691,1.0,0.5,-0.36779506359982184,1.557569023823233
692,1.0,0.5,0.017021275824833648,0.9579712779422004
693,1.0,0.5,0.16204685883455128,0.9213392164335766
694,1.0,0.5,-0.100229941013504,1.5701680638263302
695,1.0,0.5,-0.5031131360337606,1.4897249503974583
696,1.0,0.5,-0.5539434744542018,0.8795111982001074
697,1.0,0.5,0.1945343860256933,0.8747240308224238
698,1.0,0.5,-0.22537949735561869,1.388258346413053
699,1.0,0.5,-0.2404576986573193,0.5937490336430022
700,1.0,0.5,-0.06405951561155954,0.541796075965379
701,1.0,0.5,0.05790036688049102,1.2300889022128814
702,1.0,0.5,-0.17757539090077137,0.7531465148015488
703,1.0,0.5,-0.3098346183349144,0.8494375303758424
704,1.0,0.5,-0.22130138431485286,0.766253609270988
705,1.0,0.5,0.03140235013713147,1.4863686387065727
706,1.0,0.5,-0.10850389605987162,1.3540013666002904
707,1.0,0.5,-0.2534937513842165,0.45092388036140785
708,1.0,0.5,0.019240444066271345,1.288597329437251
709,1.0,0.5,-0.17721745886131568,0.9814381893258215
710,1.0,0.5,-0.35984699533994163,1.5591470826749452
711,1.0,0.5,-0.36314236478473905,1.155844657390046
712,1.0,0.5,-0.42660215601509066,1.164320606615402
713,1.0,0.5,-0.18004309790755307,1.2993940414326797
714,1.0,0.5,0.10841538595345954,1.5241981705899539
715,1.0,0.5,-0.46036750152866723,0.48886307680311997
716,1.0,0.5,-0.1304073641038589,1.380165205482099
717,1.0,0.5,-0.2598699839299976,1.7983726151419097
718,1.0,0.5,-0.31581523497715197,1.1985051042112658
719,1.0,0.5,-0.5955834413310124,1.8594252050090982
720,1.0,0.5,-0.2343122553840617,0.9773355387615733
721,1.0,0.5,-0.25112158740152746,1.426970960556875
722,1.0,0.5,-0.11404319300994187,0.9155227405739057
723,1.0,0.5,-0.08808687887463379,1.6999708051580051
724,1.0,0.5,-0.38359599513714837,1.4453149598001096
725,1.0,0.5,0.08085613396208105,0.9936631952017219
726,1.0,0.5,-0.19262765443130114,1.4215150278946702
727,1.0,0.5,-0.22784964695830207,0.6956092425853533
728,1.0,0.5,-0.1893967892852257,0.6442423815679825
729,1.0,0.5,-0.274245494639742,1.0846851923865986
730,1.0,0.5,-0.12179102773804937,1.3879366932802937
731,1.0,0.5,-0.08122308306379707,1.5868529869176538
732,1.0,0.5,-0.666187505425854,1.0505045335853833
733,1.0,0.5,-0.3892983909724284,1.3975444286241954
734,1.0,0.5,-0.2219991762846532,0.7498514764315747
735,1.0,0.5,-0.09026876750715117,1.0819235305215718
736,1.0,0.5,0.021041262147244832,0.7671392409924547
737,1.0,0.5,-0.3134432547401614,1.2983800471117206
738,1.0,0.5,-0.29578690065976043,1.215543719021669
739,1.0,0.5,-0.2581537954043478,1.5517580318591364
740,1.0,0.5,-0.46748828495039113,0.7429984443675612
741,1.0,0.5,-0.35508783154883755,0.9437864171212782
742,1.0,0.5,-0.01474791049137203,1.0618615919214873
743,1.0,0.5,-0.43831965249632665,0.8513561976723767
744,1.0,0.5,-0.0032283600654259836,1.329670782260542
745,1.0,0.5,-0.5901716118138273,1.1556310016082783
746,1.0,0.5,-0.35246856295115314,1.0058196107271289
747,1.0,0.5,-0.33369078543779107,0.957160428653624
748,1.0,0.5,0.2802149468644737,1.3109858251225577
749,1.0,0.5,-0.31693584747570774,0.8039908734498272
750,1.0,0.5,-0.6688874406241134,1.7897204401057911
751,1.0,0.5,-0.7139414591956379,0.6480240823379678
752,1.0,0.5,-0.11196349978243722,1.0862477729282138
753,1.0,0.5,-0.012610721549558918,2.174826961987136
754,1.0,0.5,-0.11298581006530968,0.7161537023374009
755,1.0,0.5,-0.18407729214105875,0.5482764080776655
756,1.0,0.5,0.07351950550911274,1.3059306791485144
757,1.0,0.5,-0.313481970565521,0.4372555550354298
758,1.0,0.5,0.027585463817592165,1.029227605942304
759,1.0,0.5,-0.6376942916600395,1.761967012566465
760,1.0,0.5,-0.43451852875039815,0.5344277156986651
761,1.0,0.5,-0.6478314972469965,0.4180989844493228
762,1.0,0.5,-0.3751480298881886,0.2559764651525839
763,1.0,0.5,-0.18865689857715068,1.4831510661397498
764,1.0,0.5,-0.22046068817921036,1.3467136682875134
765,1.0,0.5,-0.24219578193850344,0.7475940605766602
766,1.0,0.5,-0.5162555500584675,1.0860226893337677
767,1.0,0.5,-0.3372548359966984,1.3175054899490128
768,1.0,0.5,-0.6421340423070516,1.5222541195835955
769,1.0,0.5,0.10535619590153811,0.9074295079424797
770,1.0,0.5,-0.17824356134817182,0.5874737694444899
771,1.0,0.5,-0.348515513555683,0.733810425772329
772,1.0,0.5,0.2061225874244223,0.9772810477128646
773,1.0,0.5,-0.49053756406199084,1.0694436291735125
774,1.0,0.5,-0.4748435191971998,1.0539089875793255
775,1.0,0.5,-0.47792725425344096,1.4799965901668353
776,1.0,0.5,-0.2767325336048327,1.3667558848007668
777,1.0,0.5,-0.01954571517664004,1.2575533533682075
778,1.0,0.5,0.07527869921135272,1.7555492031638193
779,1.0,0.5,0.35886589466760793,0.9727826742024785
780,1.0,0.5,-0.81355954309451,0.9689728018689432
781,1.0,0.5,-0.061806619837746074,1.3753189036319364
782,1.0,0.5,-0.3875095328885674,0.9806075476467419
783,1.0,0.5,-0.32130550954940007,1.8961287450025965
784,1.0,0.5,-0.39135664218380006,0.4873152612609124
785,1.0,0.5,-0.3189396143116632,1.2444485954887843
786,1.0,0.5,0.2806586383680428,1.2343006752176569
787,1.0,0.5,0.021203033285086437,1.285694546255129
788,1.0,0.5,-0.14285169219466964,1.6978341099840408
789,1.0,0.5,0.19304895933961555,1.2573455651209415
790,1.0,0.5,-0.606329615727631,0.517627499464091
791,1.0,0.5,-0.5734871450598298,1.2724472770779567
792,1.0,0.5,-0.7405847799001896,1.3759570275951347
793,1.0,0.5,-0.33177182880592465,0.5495948878918997
794,1.0,0.5,-0.1526223483911409,1.1195276130132328
795,1.0,0.5,-0.2531351796264663,0.30690088693324624
796,1.0,0.5,-0.202805744432572,0.7469484492816518
797,1.0,0.5,-0.5564628509462393,0.7729209460238633
798,1.0,0.5,-0.0029945945627860016,1.3718928037358205
799,1.0,0.5,-0.041466011600760085,1.4367718874787356
800,1.0,0.5,-0.08603582675345026,0.4421449583755407
801,1.0,0.5,-0.6479110823057193,1.483861473310451
802,1.0,0.5,-0.04767162988413802,0.8215349278742983
803,1.0,0.5,-0.3833688227082419,1.5562572884782495
804,1.0,0.5,-0.31955068429703853,0.7544366522703613
805,1.0,0.5,-0.041837302704894164,1.0457274390223479
806,1.0,0.5,-0.14873858057608935,1.3619588153932316
807,1.0,0.5,-0.4031109083671651,1.3118295494038288
808,1.0,0.5,-0.20337397101586072,1.5531123955586903
809,1.0,0.5,-0.5610850593359085,1.1366075135399984
810,1.0,0.5,-0.039045455286410236,0.8274208892542165
811,1.0,0.5,-0.21721753037093122,1.049102360667881
812,1.0,0.5,0.08594638124692988,1.1826231444672743
813,1.0,0.5,-0.34275666661292403,1.2204488822862394
814,1.0,0.5,-0.2285508873156678,1.3726208827489021
815,1.0,0.5,-0.4247933975989892,0.3674472277490436
816,1.0,0.5,-0.0011103165299826967,1.155553415356059
817,1.0,0.5,-0.27778012422188225,1.5263295124051202
818,1.0,0.5,-0.08045420713869869,0.7371300875507387
819,1.0,0.5,-0.3231188635641495,0.5679472449341392
820,1.0,0.5,-0.7013420961444474,1.5945038891617604
821,1.0,0.5,-0.30054179284013904,1.398116101132473
822,1.0,0.5,-0.48438692822304635,1.0509920152803987
823,1.0,0.5,-0.25615558643702874,0.5081446888255401
824,1.0,0.5,-0.5242103620749821,0.7325395255834505
825,1.0,0.5,0.0011260535180436515,1.4648034738933493
826,1.0,0.5,-0.22663001734940907,1.1365985225203594
827,1.0,0.5,-0.22310681575819327,0.9711710753442271
828,1.0,0.5,-0.015116677758705732,1.3411220943118254
829,1.0,0.5,-0.0478238541834545,0.5485588712865264
830,1.0,0.5,-0.1518276385643701,1.7848862087322608
831,1.0,0.5,-0.3801716325874914,1.6113655141133472
832,1.0,0.5,-0.5742658016483371,1.1443788822181142
833,1.0,0.5,-0.3493025228942614,0.9465951626327997
834,1.0,0.5,-0.29923691377520223,0.34885182411806637
835,1.0,0.5,-0.14990837117941946,0.6514285266745402
836,1.0,0.5,-0.21897543247436937,0.8331194421951974
837,1.0,0.5,-0.0019042251862540216,1.2256542147482516
838,1.0,0.5,-0.35814158013981756,0.9711309164790887
839,1.0,0.5,-0.10063855569089135,0.9699977874716976
840,1.0,0.5,0.14044871691321695,1.1349481534793888
841,1.0,0.5,-0.08585647546103771,1.362929664827234
842,1.0,0.5,-0.2788246062490579,1.0932981099897052
843,1.0,0.5,-0.4149014913569712,0.241869259079861
844,1.0,0.5,-0.34367207507165154,1.0990151041519374
845,1.0,0.5,-0.40537725334957486,0.6376589077251726
846,1.0,0.5,-0.3659578446961407,1.3234866592478485
847,1.0,0.5,-0.004034405333318336,1.3955986506655336
848,1.0,0.5,-0.17604072142088736,1.023984509992979
849,1.0,0.5,-0.5026731436177928,0.936194550342405
850,1.0,0.5,0.18499189777730896,0.7674052558626817
851,1.0,0.5,-0.1255841435708564,0.29479598777259
852,1.0,0.5,-0.5919841741709204,1.0968438885763176
853,1.0,0.5,-0.329847227630634,0.94634942131967
854,1.0,0.5,-0.19295918757437763,1.3775189290543044
855,1.0,0.5,0.202265744194144,0.6439099363225059
856,1.0,0.5,-0.5397848831633871,0.6950366623165147
857,1.0,0.5,0.037627445763077166,0.5535679574585812
858,1.0,0.5,0.12184122490072027,0.6644071572499151
859,1.0,0.5,-0.503636010768756,0.24688899787578322
860,1.0,0.5,-0.16672980348997518,1.7565365912715056
861,1.0,0.5,-0.40463882913260896,1.0189238010695136
862,1.0,0.5,-0.26968032151632604,1.0870163809218654
863,1.0,0.5,-0.20820654109870285,0.9695556661094583
864,1.0,0.5,-0.09367021784528545,0.4799390047978813
865,1.0,0.5,0.15733201164565497,1.295453283561555
866,1.0,0.5,-0.2921595814167562,1.594279470368225
867,1.0,0.5,-0.6839965796441724,0.7007882718468055
868,1.0,0.5,-0.15413466260979328,1.5367190733837843
869,1.0,0.5,-0.11785127856114368,0.828890694322895
870,1.0,0.5,-0.20448185002253608,0.7304468100431162
871,1.0,0.5,-0.3022594803254438,1.2239655877089681
872,1.0,0.5,-0.1622155767454185,0.8875865399889729
873,1.0,0.5,0.15613381615088973,1.0449690429560363
874,1.0,0.5,-0.11549912163112448,0.9570602183089123
875,1.0,0.5,-0.29791208412622683,1.1315688687199692
876,1.0,0.5,-0.329093379167272,0.25460953838695677
877,1.0,0.5,-0.2398501648945585,0.4674501382517935
878,1.0,0.5,0.1561547371378299,1.1564976921569032
879,1.0,0.5,-0.28167598483794615,1.3554610696079772
880,1.0,0.5,-0.26917779941517544,0.5886420139089722
881,1.0,0.5,-0.2716876152497657,1.161262409193033
882,1.0,0.5,-0.030536507731525053,0.8873046972397569
883,1.0,0.5,0.347638830852015,1.5156647120780853
884,1.0,0.5,-0.018029267779010746,0.5982653645046296
885,1.0,0.5,-0.19441580340277462,0.7445588255101748
886,1.0,0.5,-0.32096114609780624,0.5931266538784491
887,1.0,0.5,-0.814142225294801,1.2919024847375238
888,1.0,0.5,-0.016921491993236587,1.9648230451092004
889,1.0,0.5,-0.21698830699748478,0.8686082626272618
890,1.0,0.5,-0.11867540702523088,0.5302751291923677
891,1.0,0.5,-0.3013557885777586,1.470323106849957
892,1.0,0.5,-0.26286786162918585,1.6620876006845098
893,1.0,0.5,-0.34898443984469824,0.9991203251861103
894,1.0,0.5,-0.02447421246151188,0.5430331337566827
895,1.0,0.5,-0.31104082503126185,1.386245281876541
896,1.0,0.5,0.30999224155992755,1.3002224495718866
897,1.0,0.5,-0.06747443587807483,0.815301582636029
898,1.0,0.5,-0.5456865006273158,1.153201459251871
899,1.0,0.5,-0.20656159454489614,1.5257678849848848
900,1.0,0.5,-0.26616107853609244,1.8039346209046472
901,1.0,0.5,-0.7078205663327929,1.19906801200833
902,1.0,0.5,0.19746330966190873,0.9674589177376225
903,1.0,0.5,-0.03337188799766372,1.5020732670704477
904,1.0,0.5,-0.08453182723416541,0.6229428538297097
905,1.0,0.5,-0.09961703930246671,1.4305988886901737
906,1.0,0.5,-0.5768700644706746,0.5263936635297544
907,1.0,0.5,-0.31864314943886,1.4796651016408584
908,1.0,0.5,0.013005088790057462,1.0173637548182564
909,1.0,0.5,-0.4878942170862023,1.4687365035548845
910,1.0,0.5,-0.9015656064569084,1.0661246325418194
911,1.0,0.5,-0.24062777676434807,0.7203190950209748
912,1.0,0.5,-0.23848958709965384,1.5894691104487277
913,1.0,0.5,-0.1410971224244942,1.7179719136651905
914,1.0,0.5,-0.04455035444332425,1.3287602264438505
915,1.0,0.5,0.020442517998454562,1.0165674420592803
916,1.0,0.5,-0.1791462377496118,0.8613790487931302
917,1.0,0.5,0.184484861222572,1.4077055686946995
918,1.0,0.5,-0.6671242706947418,0.5915558837597592
919,1.0,0.5,-0.05211604315280785,1.7575368100456554
920,1.0,0.5,-0.01959387503943319,1.2218288674831064
921,1.0,0.5,-0.549668424917104,0.03449462332129272
922,1.0,0.5,-0.5544979552775466,1.282433625143829
923,1.0,0.5,-0.32250959813089236,1.170072711577964
924,1.0,0.5,-0.4762263025965262,0.7412528794554336
925,1.0,0.5,0.013492106250148433,1.0463949430986272
926,1.0,0.5,-0.4782982369392776,1.0084756227628289
927,1.0,0.5,-0.4623703697464614,1.3470410019652022
928,1.0,0.5,-0.2714501159285925,1.4434435615256707
929,1.0,0.5,0.05056898186895026,0.8939737794928362
930,1.0,0.5,-0.2554331546262105,0.9094499836554446
931,1.0,0.5,-0.25470964278846203,1.0771692064544676
932,1.0,0.5,-0.12410605776708525,1.1293354367718398
933,1.0,0.5,0.031430971221329373,1.0278726899190282
934,1.0,0.5,-0.4398584272327777,1.1033183266052615
935,1.0,0.5,0.2037486568940073,1.8637691863987795
936,1.0,0.5,-0.05449080809273747,1.818027774631626
937,1.0,0.5,-0.2452764067083511,0.8444990951999118
938,1.0,0.5,0.36327248935723827,1.2012465256991414
939,1.0,0.5,-0.3591176973591911,1.0815428411883088
940,1.0,0.5,-0.20869932030429167,1.5827425940916768
941,1.0,0.5,-0.4741604604028884,1.021027078598297
942,1.0,0.5,-0.002504624812828621,0.6200010194779326
943,1.0,0.5,0.21984576637101794,1.190661468818386
944,1.0,0.5,0.2094626912989182,0.1398474929893263
945,1.0,0.5,0.12252975351728007,0.5367862446505071
946,1.0,0.5,-0.17685504504242458,1.2555280563987012
947,1.0,0.5,-0.24733939231559146,1.2607671744928053
948,1.0,0.5,-0.6716612469727541,0.8091320188969202
949,1.0,0.5,0.3777932062964251,0.7536717629517712
950,1.0,0.5,-0.06709887346222529,0.8607076762534965
951,1.0,0.5,-0.288635936424425,1.3399831339119253
952,1.0,0.5,0.20534126521067206,1.5236047486117172
953,1.0,0.5,-0.4987701416656778,0.927584871414388
954,1.0,0.5,-0.1001357703796546,1.4995179865569768
955,1.0,0.5,-0.2697300111406694,1.1593707755068496
956,1.0,0.5,-0.11872368629819754,0.6032116073098075
957,1.0,0.5,-0.19855788591628437,1.0538307779466718
958,1.0,0.5,-0.43715414519858486,0.9857303277149143
959,1.0,0.5,-0.2731097940577782,0.7861396916871413
960,1.0,0.5,0.060602004916367025,1.484393125070048
961,1.0,0.5,-0.1752769547097576,1.435932969910055
962,1.0,0.5,-6.730951991942846e-05,1.6091649943201198
963,1.0,0.5,-0.4670387740443003,0.9770209567929914
964,1.0,0.5,-0.2715260164897543,1.3762524735631165
965,1.0,0.5,-0.34448827662513615,1.067261532184235
966,1.0,0.5,-0.05109298882461885,1.501540182347074
967,1.0,0.5,-0.3016231946834287,0.7638618826484738
968,1.0,0.5,0.032248030109839704,1.5267198139085565
969,1.0,0.5,0.11984689753156866,1.7600472004847558
970,1.0,0.5,-0.02451230737709892,1.04004947652424
971,1.0,0.5,-0.12026665701630383,1.2107973488713164
972,1.0,0.5,-0.39583716399207325,1.71224990072954
973,1.0,0.5,-0.18947954482782117,1.0870998411411903
974,1.0,0.5,-0.28807172276589255,0.7732903343370408
975,1.0,0.5,-0.30089009921974913,1.805430138973641
976,1.0,0.5,-0.22803435075886536,1.1323799982680942
977,1.0,0.5,-0.4289421073989269,1.2036824767180425
978,1.0,0.5,-0.6796320501032038,1.5337101258487755
979,1.0,0.5,-0.4305388165175433,0.6965179703872746
980,1.0,0.5,-0.13730734430387478,0.7902896085175108
981,1.0,0.5,-0.5786420072315951,1.064014816247024
982,1.0,0.5,-0.2279935772085186,0.37668085175138954
983,1.0,0.5,0.23429832466193512,0.8769265288488098
984,1.0,0.5,0.0024523922180985647,1.0258282927255085
985,1.0,0.5,0.3171239474309804,1.3242325465637366
986,1.0,0.5,-0.03565107766739828,0.7594930291832492
987,1.0,0.5,0.18789583085382458,1.9460174099930434
988,1.0,0.5,-0.44213593359472503,0.9528041009488769
989,1.0,0.5,-0.3575223792599514,1.6115913037032432
990,1.0,0.5,-0.949460432794573,0.81496116865623
991,1.0,0.5,0.061751624650721565,0.6876415748286732
992,1.0,0.5,0.13917464578414276,1.0564942745768198
993,1.0,0.5,-0.2763151110147394,1.2104121067513574
994,1.0,0.5,-0.2832994105043968,0.6283490379877608
995,1.0,0.5,-0.3350465617380395,1.7746813906297259
996,1.0,0.5,-0.07413056765120118,0.9728235554253791
997,1.0,0.5,0.19641507393104965,0.8014525781372694
998,1.0,0.5,-0.7096652046272465,1.3429414854141077
999,1.0,0.5,-0.03467870535009697,1.1123806804336016
1000,1.0,0.5,-0.21184589940974996,1.0592277681446407
